date      , day_of_week, product           , views, likes, comment_count, estimated_price_ksh, demand_score, year, month, day, week_of_year, is_weekend, engagement_rate   , comment_rate      , category_ clothing, category_ feeding, category_ travel, lag_1_views, lag_7_views, rolling_mean_7    , demand_prediction, viral_prob, viral_prediction
2025-03-29, Saturday   , Baby Bodysuit     , 17795,  1379,           220,                 900,        10.22, 2025,     3,  29,           13,          1, 0.0774893234434704, 0.0123623286131714,                  1,                 0,                0,         0.0,         0.0,     0.0           ,        17795.0   ,       1.0 ,                1
2025-04-01, Tuesday    , Baby Bodysuit     ,  2769,   183,            34,                 900,         9.06, 2025,     4,   1,           14,          0, 0.0660649819494584, 0.0122743682310469,                  1,                 0,                0,     17795.0,         0.0,     0.0           ,         2769.0002,       0.0 ,                0
2025-04-04, Friday     , Baby Bodysuit     , 27658,  1382,            78,                 900,         5.56, 2025,     4,   4,           14,          0, 0.0499656531327958, 0.0028200585704472,                  1,                 0,                0,      2769.0,         0.0,     0.0           ,        27658.0   ,       0.0 ,                0
2025-04-14, Monday     , Baby Bodysuit     , 34606,  2633,           166,                 900,         8.57, 2025,     4,  14,           16,          0, 0.0760828734071141, 0.0047967174271101,                  1,                 0,                0,     27658.0,         0.0,     0.0           ,        34606.0   ,       0.97,                1
2025-04-24, Thursday   , Baby Bodysuit     ,  7056,   346,            67,                 900,         6.8 , 2025,     4,  24,           17,          0, 0.0490293325775825, 0.0094941193141561,                  1,                 0,                0,     34606.0,         0.0,     0.0           ,         7056.0   ,       0.0 ,                0
2025-04-26, Saturday   , Baby Bodysuit     ,  2206,   113,             6,                 900,         5.67, 2025,     4,  26,           17,          1, 0.0512007249660172, 0.0027186225645672,                  1,                 0,                0,      7056.0,         0.0,     0.0           ,         2206.0   ,       0.0 ,                0
2025-04-27, Sunday     , Baby Bodysuit     , 43523,  2531,           390,                 900,         7.61, 2025,     4,  27,           17,          1, 0.0581518242808565, 0.0089605734767025,                  1,                 0,                0,      2206.0,         0.0, 19373.285714285717,        43523.0   ,       0.04,                0
2025-05-02, Friday     , Baby Bodysuit     , 27939,  2085,           272,                 900,         9.41, 2025,     5,   2,           18,          0, 0.0746241947029348, 0.0097351467430207,                  1,                 0,                0,     43523.0,     17795.0, 20822.42857142857 ,        27939.0   ,       0.98,                1
2025-05-21, Wednesday  , Baby Bodysuit     , 49025,  3737,           678,                 900,        10.39, 2025,     5,  21,           21,          0, 0.0762248602782197, 0.0138293966466772,                  1,                 0,                0,     27939.0,      2769.0, 27430.42857142857 ,        49025.0   ,       0.9 ,                1
2025-05-22, Thursday   , Baby Bodysuit     , 18646,  1174,           202,                 900,         8.46, 2025,     5,  22,           21,          0, 0.062959189145707 , 0.0108328417439802,                  1,                 0,                0,     49025.0,     27658.0, 26143.0           ,        18646.0   ,       0.0 ,                0
2025-05-29, Thursday   , Baby Bodysuit     , 48975,  2217,           272,                 900,         5.64, 2025,     5,  29,           22,          0, 0.0452670695851029, 0.0055537406076445,                  1,                 0,                0,     18646.0,     34606.0, 28195.714285714286,        48975.0   ,       0.0 ,                0
2025-06-10, Tuesday    , Baby Bodysuit     ,  2699,   196,            18,                 900,         8.6 , 2025,     6,  10,           24,          0, 0.0725925925925926, 0.0066666666666666,                  1,                 0,                0,     48975.0,      7056.0, 27573.285714285717,         2698.9998,       0.94,                1
2025-06-14, Saturday   , Baby Bodysuit     , 20070,   742,            94,                 900,         4.63, 2025,     6,  14,           24,          1, 0.0369687608988092, 0.0046833740222211,                  1,                 0,                0,      2699.0,      2206.0, 30125.285714285717,        20070.0   ,       0.0 ,                0
2025-06-15, Sunday     , Baby Bodysuit     , 47017,  3151,           486,                 900,         8.77, 2025,     6,  15,           24,          1, 0.0670168871496022, 0.0103364668850227,                  1,                 0,                0,     20070.0,     43523.0, 30624.42857142857 ,        47017.0   ,       0.01,                0
2025-06-23, Monday     , Baby Bodysuit     , 31749,  1805,           178,                 900,         6.81, 2025,     6,  23,           26,          0, 0.0568503937007874, 0.0056062992125984,                  1,                 0,                0,     47017.0,     27939.0, 31168.714285714286,        31749.0   ,       0.01,                0
2025-06-30, Monday     , Baby Bodysuit     ,  3150,   204,            22,                 900,         7.87, 2025,     6,  30,           27,          0, 0.0647413519517613, 0.0069819105046017,                  1,                 0,                0,     31749.0,     49025.0, 24615.14285714286 ,         3150.0   ,       0.02,                0
2025-07-08, Tuesday    , Baby Bodysuit     , 28646,   928,           178,                 900,         4.48, 2025,     7,   8,           28,          0, 0.0323943170314518, 0.0062135651202569,                  1,                 0,                0,      3150.0,     18646.0, 26043.714285714286,        28646.0   ,       0.0 ,                0
2025-07-12, Saturday   , Baby Bodysuit     , 31168,  2286,           332,                 900,         9.46, 2025,     7,  12,           28,          1, 0.0733421027302768, 0.0106516089704514,                  1,                 0,                0,     28646.0,     48975.0, 23499.85714285714 ,        31168.0   ,       0.98,                1
2025-07-14, Monday     , Baby Bodysuit     ,  6000,   423,            73,                 900,         9.48, 2025,     7,  14,           29,          0, 0.070488251958007 , 0.0121646392267955,                  1,                 0,                0,     31168.0,      2699.0, 23971.42857142857 ,         5999.999 ,       0.98,                1
2025-07-20, Sunday     , Baby Bodysuit     ,  5267,   340,            34,                 900,         7.75, 2025,     7,  20,           29,          1, 0.0645406226271829, 0.0064540622627182,                  1,                 0,                0,      6000.0,     20070.0, 21856.714285714286,         5267.0   ,       0.0 ,                0
2025-07-23, Wednesday  , Baby Bodysuit     , 19506,   987,           104,                 900,         6.13, 2025,     7,  23,           30,          0, 0.0505972215102271, 0.0053314194904393,                  1,                 0,                0,      5267.0,     47017.0, 17926.571428571428,        19506.0   ,       0.0 ,                0
2025-08-11, Monday     , Baby Bodysuit     , 28790,  1474,           274,                 900,         7.02, 2025,     8,  11,           33,          0, 0.0511965544788301, 0.0095168629085478,                  1,                 0,                0,     19506.0,     31749.0, 17503.85714285714 ,        28790.0   ,       0.0 ,                0
2025-08-20, Wednesday  , Baby Bodysuit     , 46472,  2609,           376,                 900,         7.23, 2025,     8,  20,           34,          0, 0.056140124373292 , 0.0080907193424138,                  1,                 0,                0,     28790.0,      3150.0, 23692.714285714286,        46471.996 ,       0.0 ,                0
2025-08-22, Friday     , Baby Bodysuit     , 26504,  2008,           389,                 900,        10.51, 2025,     8,  22,           34,          0, 0.0757592906998679, 0.014676476136578 ,                  1,                 0,                0,     46472.0,     28646.0, 23386.714285714286,        26504.0   ,       0.98,                1
2025-08-25, Monday     , Baby Bodysuit     , 35307,  1196,           234,                 900,         4.71, 2025,     8,  25,           35,          0, 0.0338733431516936, 0.0066273932253313,                  1,                 0,                0,     26504.0,     31168.0, 23978.0           ,        35307.0   ,       0.0 ,                0
2025-08-31, Sunday     , Baby Bodysuit     , 36961,  2933,           212,                 900,         9.08, 2025,     8,  31,           35,          1, 0.0793517666792922, 0.0057356203668632,                  1,                 0,                0,     35307.0,      6000.0, 28401.0           ,        36961.0   ,       1.0 ,                1
2025-09-02, Tuesday    , Baby Bodysuit     , 23168,  1666,           200,                 900,         8.92, 2025,     9,   2,           36,          0, 0.0719064266908369, 0.0086322240925374,                  1,                 0,                0,     36961.0,      5267.0, 30958.285714285717,        23168.0   ,       0.99,                1
2025-09-08, Monday     , Baby Bodysuit     , 23949,  1770,           289,                 900,         9.8 , 2025,     9,   8,           37,          0, 0.0739039665970772, 0.0120668058455114,                  1,                 0,                0,     23168.0,     19506.0, 31593.0           ,        23949.0   ,       0.99,                1
2025-09-15, Monday     , Baby Bodysuit     ,  8941,   516,            32,                 900,         6.49, 2025,     9,  15,           38,          0, 0.0577052113621113, 0.0035786177588906,                  1,                 0,                0,     23949.0,     28790.0, 28757.42857142857 ,         8941.0   ,       0.0 ,                0
2025-10-24, Friday     , Baby Bodysuit     , 28386,  1134,           181,                 900,         5.27, 2025,    10,  24,           43,          0, 0.0399478634586254, 0.0063761581005389,                  1,                 0,                0,      8941.0,     46472.0, 26173.714285714286,        28386.0   ,       0.0 ,                0
2025-10-26, Sunday     , Baby Bodysuit     ,  3917,   147,            17,                 900,         4.62, 2025,    10,  26,           43,          1, 0.0375191424196018, 0.0043389484430832,                  1,                 0,                0,     28386.0,     26504.0, 22947.0           ,         3917.0007,       0.0 ,                0
2025-11-12, Wednesday  , Baby Bodysuit     , 29202,  1792,           179,                 900,         7.36, 2025,    11,  12,           46,          0, 0.0613635585385063, 0.0061295072424066,                  1,                 0,                0,      3917.0,     35307.0, 22074.85714285714 ,        29202.0   ,       0.01,                0
2025-11-23, Sunday     , Baby Bodysuit     , 12541,   761,           142,                 900,         8.33, 2025,    11,  23,           47,          1, 0.060676128209217 , 0.0113219582203795,                  1,                 0,                0,     29202.0,     36961.0, 18586.285714285717,        12541.0   ,       0.02,                0
2025-11-27, Thursday   , Baby Bodysuit     , 22530,  1505,           286,                 900,         9.22, 2025,    11,  27,           48,          0, 0.0667968576627757, 0.0126936221206337,                  1,                 0,                0,     12541.0,     23168.0, 18495.14285714286 ,        22530.0   ,       0.01,                0
2025-12-14, Sunday     , Baby Bodysuit     , 25570,   851,           141,                 900,         4.43, 2025,    12,  14,           50,          1, 0.033279887372414 , 0.0055140588948418,                  1,                 0,                0,     22530.0,     23949.0, 18726.714285714286,        25570.0   ,       0.0 ,                0
2026-01-02, Friday     , Baby Bodysuit     , 22607,   884,           108,                 900,         4.87, 2026,     1,   2,            1,          0, 0.0391012031139419, 0.0047770700636942,                  1,                 0,                0,     25570.0,      8941.0, 20679.0           ,        22607.0   ,       0.0 ,                0
2026-01-14, Wednesday  , Baby Bodysuit     , 13555,   929,            55,                 900,         7.67, 2026,     1,  14,            3,          0, 0.0685305399822956, 0.004057244024786 ,                  1,                 0,                0,     22607.0,     28386.0, 18560.285714285717,        13555.0   ,       0.78,                1
2026-01-25, Sunday     , Baby Bodysuit     , 38408,  2008,           156,                 900,         6.04, 2026,     1,  25,            4,          1, 0.0522794136790856, 0.0040615480746699,                  1,                 0,                0,     13555.0,      3917.0, 23487.571428571428,        38408.0   ,       0.0 ,                0
2026-01-28, Wednesday  , Baby Bodysuit     , 17896,  1345,           197,                 900,         9.72, 2026,     1,  28,            5,          0, 0.0751522601553333, 0.0110074314130859,                  1,                 0,                0,     38408.0,     29202.0, 21872.42857142857 ,        17896.0   ,       1.0 ,                1
2026-01-29, Thursday   , Baby Bodysuit     , 27064,  2089,           116,                 900,         8.58, 2026,     1,  29,            5,          0, 0.0771845556992425, 0.0042859782006281,                  1,                 0,                0,     17896.0,     12541.0, 23947.14285714286 ,        27064.0   ,       1.0 ,                1
2026-02-14, Saturday   , Baby Bodysuit     , 12616,   863,            97,                 900,         8.38, 2026,     2,  14,            7,          1, 0.0683997780771974, 0.0076880399461044,                  1,                 0,                0,     27064.0,     22530.0, 22530.85714285714 ,        12616.0   ,       0.78,                1
2026-02-25, Wednesday  , Baby Bodysuit     , 29376,  2287,           397,                 900,        10.49, 2026,     2,  25,            9,          0, 0.0778500187221295, 0.0135139735166967,                  1,                 0,                0,     12616.0,     25570.0, 23074.571428571428,        29376.0   ,       1.0 ,                1
2026-03-02, Monday     , Baby Bodysuit     , 39443,  2327,           148,                 900,         6.65, 2026,     3,   2,           10,          0, 0.0589950309299259, 0.0037521549538586,                  1,                 0,                0,     29376.0,     22607.0, 25479.714285714286,        39443.0   ,       0.01,                0
2026-03-11, Wednesday  , Baby Bodysuit     ,  8183,   476,            42,                 900,         6.84, 2026,     3,  11,           11,          0, 0.0581622678396871, 0.0051319648093841,                  1,                 0,                0,     39443.0,     13555.0, 24712.285714285717,         8182.999 ,       0.0 ,                0
2026-03-17, Tuesday    , Baby Bodysuit     , 42329,  3005,           253,                 900,         8.29, 2026,     3,  17,           12,          0, 0.0709898417198204, 0.0059768485707536,                  1,                 0,                0,      8183.0,     38408.0, 25272.42857142857 ,        42329.0   ,       0.98,                1
2026-03-25, Wednesday  , Baby Bodysuit     ,  9059,   583,            35,                 900,         7.21, 2026,     3,  25,           13,          0, 0.0643487858719646, 0.0038631346578366,                  1,                 0,                0,     42329.0,     17896.0, 24010.0           ,         9059.0   ,       0.0 ,                0
2025-04-16, Wednesday  , Baby Car Seat     , 26300,  1145,           199,               25000,         5.87, 2025,     4,  16,           16,          0, 0.0435344663700999, 0.0075662522337553,                  0,                 0,                1,         0.0,         0.0,     0.0           ,        26300.0   ,       0.0 ,                0
2025-04-29, Tuesday    , Baby Car Seat     , 35827,  2763,           386,               25000,         9.87, 2025,     4,  29,           18,          0, 0.0771184548397901, 0.0107736965501842,                  0,                 0,                1,     26300.0,         0.0,     0.0           ,        35827.0   ,       0.98,                1
2025-04-30, Wednesday  , Baby Car Seat     , 24299,  1858,           318,               25000,        10.26, 2025,     4,  30,           18,          0, 0.0764609053497942, 0.0130864197530864,                  0,                 0,                1,     35827.0,         0.0,     0.0           ,        24299.0   ,       1.0 ,                1
2025-05-07, Wednesday  , Baby Car Seat     , 32303,  1870,           206,               25000,         7.06, 2025,     5,   7,           19,          0, 0.0578875681030213, 0.0063769192669638,                  0,                 0,                1,     24299.0,         0.0,     0.0           ,        32303.0   ,       0.01,                0
2025-05-09, Friday     , Baby Car Seat     , 46417,  3045,           219,               25000,         7.5 , 2025,     5,   9,           19,          0, 0.0655995518979706, 0.0047179973286225,                  0,                 0,                1,     32303.0,         0.0,     0.0           ,        46417.0   ,       0.01,                0
2025-05-19, Monday     , Baby Car Seat     ,  4911,   170,            32,               25000,         4.76, 2025,     5,  19,           21,          0, 0.0346091205211726, 0.006514657980456 ,                  0,                 0,                1,     46417.0,         0.0,     0.0           ,         4911.0   ,       0.0 ,                0
2025-05-30, Friday     , Baby Car Seat     , 48760,  1891,            99,               25000,         4.28, 2025,     5,  30,           22,          0, 0.0387809930067061, 0.0020303111092881,                  0,                 0,                1,      4911.0,         0.0, 31259.571428571428,        48760.0   ,       0.0 ,                0
2025-06-21, Saturday   , Baby Car Seat     , 35621,  1653,           121,               25000,         5.32, 2025,     6,  21,           25,          1, 0.0464039076974903, 0.003396777272472 ,                  0,                 0,                1,     48760.0,     26300.0, 32591.14285714286 ,        35621.0   ,       0.0 ,                0
2025-06-25, Wednesday  , Baby Car Seat     , 23699,  1708,           135,               25000,         8.35, 2025,     6,  25,           26,          0, 0.0720675105485232, 0.0056962025316455,                  0,                 0,                1,     35621.0,     35827.0, 30858.571428571428,        23699.0   ,       1.0 ,                1
2025-07-01, Tuesday    , Baby Car Seat     , 48175,  2768,           435,               25000,         7.55, 2025,     7,   1,           27,          0, 0.0574559946861507, 0.0090293922284955,                  0,                 0,                1,     23699.0,     24299.0, 34269.42857142857 ,        48175.0   ,       0.0 ,                0
2025-08-04, Monday     , Baby Car Seat     , 39614,  1471,           241,               25000,         4.93, 2025,     8,   4,           32,          0, 0.0371323993436829, 0.0060835542092641,                  0,                 0,                1,     48175.0,     32303.0, 35313.857142857145,        39614.0   ,       0.0 ,                0
2025-08-16, Saturday   , Baby Car Seat     , 25960,  1906,           159,               25000,         8.57, 2025,     8,  16,           33,          1, 0.0734178190362466, 0.0061245714725935,                  0,                 0,                1,     39614.0,     46417.0, 32391.42857142857 ,        25960.002 ,       1.0 ,                1
2025-08-26, Tuesday    , Baby Car Seat     , 49605,  1568,           144,               25000,         3.74, 2025,     8,  26,           35,          0, 0.031609079546829 , 0.0029028746522598,                  0,                 0,                1,     25960.0,      4911.0, 38776.28571428572 ,        49605.0   ,       0.0 ,                0
2025-09-05, Friday     , Baby Car Seat     , 17106,   988,           163,               25000,         7.68, 2025,     9,   5,           36,          0, 0.0577541357339101, 0.0095282632840357,                  0,                 0,                1,     49605.0,     48760.0, 34254.28571428572 ,        17106.0   ,       0.02,                0
2025-09-17, Wednesday  , Baby Car Seat     ,  6637,   405,            72,               25000,         8.27, 2025,     9,  17,           38,          0, 0.0610123531184091, 0.0108466405543838,                  0,                 0,                1,     17106.0,     35621.0, 30113.714285714286,         6636.9995,       0.0 ,                0
2025-09-20, Saturday   , Baby Car Seat     , 16388,   776,            63,               25000,         5.5 , 2025,     9,  20,           38,          1, 0.0473488315333455, 0.0038440417353102,                  0,                 0,                1,      6637.0,     23699.0, 29069.285714285717,        16388.0   ,       0.0 ,                0
2025-09-21, Sunday     , Baby Car Seat     , 14015,   659,            86,               25000,         5.93, 2025,     9,  21,           38,          1, 0.0470176940639269, 0.0061358447488584,                  0,                 0,                1,     16388.0,     48175.0, 24189.285714285717,        14015.0   ,       0.01,                0
2025-09-23, Tuesday    , Baby Car Seat     , 26071,  1016,           156,               25000,         5.09, 2025,     9,  23,           39,          0, 0.0389690088984351, 0.0059834305001534,                  0,                 0,                1,     14015.0,     39614.0, 22254.571428571428,        26071.0   ,       0.0 ,                0
2025-09-28, Sunday     , Baby Car Seat     , 29693,  1431,           179,               25000,         6.02, 2025,     9,  28,           39,          1, 0.0481915538492624, 0.0060281538357917,                  0,                 0,                1,     26071.0,     25960.0, 22787.85714285714 ,        29692.998 ,       0.0 ,                0
2025-10-04, Saturday   , Baby Car Seat     , 18748,   620,            44,               25000,         3.78, 2025,    10,   4,           40,          1, 0.0330684303162835, 0.0023467918288975,                  0,                 0,                1,     29693.0,     49605.0, 18379.714285714286,        18748.0   ,       0.0 ,                0
2025-10-17, Friday     , Baby Car Seat     , 13613,   535,            49,               25000,         4.65, 2025,    10,  17,           42,          0, 0.0392977816953136, 0.0035992360805053,                  0,                 0,                1,     18748.0,     17106.0, 17880.714285714286,        13613.0   ,       0.01,                0
2025-10-23, Thursday   , Baby Car Seat     , 34043,  1370,           267,               25000,         5.59, 2025,    10,  23,           43,          0, 0.0402420397133121, 0.0078427916813535,                  0,                 0,                1,     13613.0,      6637.0, 21795.85714285714 ,        34043.0   ,       0.02,                0
2025-12-10, Wednesday  , Baby Car Seat     , 26917,   922,           183,               25000,         4.79, 2025,    12,  10,           50,          0, 0.0342521732669589, 0.006798424845828 ,                  0,                 0,                1,     34043.0,     16388.0, 23300.0           ,        26917.0   ,       0.0 ,                0
2025-12-22, Monday     , Baby Car Seat     , 41986,  2629,           225,               25000,         7.33, 2025,    12,  22,           52,          0, 0.0626146188105842, 0.005358801533808 ,                  0,                 0,                1,     26917.0,     14015.0, 27295.85714285714 ,        41986.0   ,       0.04,                0
2026-01-06, Tuesday    , Baby Car Seat     , 18458,  1312,           169,               25000,         8.94, 2026,     1,   6,            2,          0, 0.0710764396771222, 0.009155425537678 ,                  0,                 0,                1,     41986.0,     26071.0, 26208.285714285717,        18458.0   ,       0.98,                1
2026-01-08, Thursday   , Baby Car Seat     , 33896,  1859,           293,               25000,         7.21, 2026,     1,   8,            2,          0, 0.0548426114405404, 0.0086438327875623,                  0,                 0,                1,     18458.0,     29693.0, 26808.714285714286,        33896.0   ,       0.01,                0
2026-01-13, Tuesday    , Baby Car Seat     , 37835,  2948,           228,               25000,         9.0 , 2026,     1,  13,            3,          0, 0.0779152130246326, 0.0060260069774817,                  0,                 0,                1,     33896.0,     18748.0, 29535.42857142857 ,        37835.0   ,       1.0 ,                1
2026-01-22, Thursday   , Baby Car Seat     , 15350,   518,            31,               25000,         3.78, 2026,     1,  22,            4,          0, 0.0337437300501596, 0.0020194124161292,                  0,                 0,                1,     37835.0,     13613.0, 29783.571428571428,        15350.0   ,       0.0 ,                0
2026-02-01, Sunday     , Baby Car Seat     , 26070,  1169,           220,               25000,         6.17, 2026,     2,   1,            5,          1, 0.0448390932453684, 0.0084384948793678,                  0,                 0,                1,     15350.0,     34043.0, 28644.571428571428,        26070.0   ,       0.0 ,                0
2026-02-02, Monday     , Baby Car Seat     , 43786,  3380,           409,               25000,         9.59, 2026,     2,   2,            6,          0, 0.0771918605978943, 0.0093406718889168,                  0,                 0,                1,     26070.0,     26917.0, 31054.42857142857 ,        43786.0   ,       0.91,                1
2026-02-13, Friday     , Baby Car Seat     , 10436,   563,            77,               25000,         6.87, 2026,     2,  13,            7,          0, 0.0539427038421002, 0.0073775989268947,                  0,                 0,                1,     43786.0,     41986.0, 26547.285714285717,        10436.0   ,       0.0 ,                0
2026-02-17, Tuesday    , Baby Car Seat     , 49037,  2915,           266,               25000,         7.03, 2026,     2,  17,            8,          0, 0.0594436967249887, 0.0054243647783351,                  0,                 0,                1,     10436.0,     18458.0, 30915.714285714286,        49037.0   ,       0.01,                0
2026-03-08, Sunday     , Baby Car Seat     , 42996,  1763,           268,               25000,         5.35, 2026,     3,   8,           10,          1, 0.0410028606646975, 0.0062329929995115,                  0,                 0,                1,     49037.0,     33896.0, 32215.714285714286,        42996.0   ,       0.01,                0
2026-03-12, Thursday   , Baby Car Seat     , 22695,  1585,           235,               25000,         9.05, 2026,     3,  12,           11,          0, 0.0698360944659852, 0.0103542474444836,                  0,                 0,                1,     42996.0,     37835.0, 30052.85714285714 ,        22695.0   ,       0.94,                1
2026-03-19, Thursday   , Baby Car Seat     , 28588,  1227,            96,               25000,         4.96, 2026,     3,  19,           12,          0, 0.0429186050578894, 0.0033579348700549,                  0,                 0,                1,     22695.0,     15350.0, 31944.0           ,        28588.0   ,       0.0 ,                0
2025-03-31, Monday     , Baby Carrier      , 46131,  1713,           252,                2800,         4.81, 2025,     3,  31,           14,          0, 0.037132576086014 , 0.0054625856238619,                  0,                 0,                1,         0.0,         0.0,     0.0           ,        46130.992 ,       0.01,                0
2025-04-05, Saturday   , Baby Carrier      ,  2189,    75,            10,                2800,         4.34, 2025,     4,   5,           14,          1, 0.0342465753424657, 0.0045662100456621,                  0,                 0,                1,     46131.0,         0.0,     0.0           ,         2188.9995,       0.0 ,                0
2025-04-08, Tuesday    , Baby Carrier      , 45323,  2636,           284,                2800,         7.07, 2025,     4,   8,           15,          0, 0.0581590327420351, 0.0062659959403406,                  0,                 0,                1,      2189.0,         0.0,     0.0           ,        45323.0   ,       0.01,                0
2025-04-13, Sunday     , Baby Carrier      ,  8873,   465,            50,                2800,         6.37, 2025,     4,  13,           15,          1, 0.0524002704530087, 0.0056344376831192,                  0,                 0,                1,     45323.0,         0.0,     0.0           ,         8873.0   ,       0.0 ,                0
2025-04-25, Friday     , Baby Carrier      , 19412,  1127,           186,                2800,         7.72, 2025,     4,  25,           17,          0, 0.0580538814196672, 0.009581208468552 ,                  0,                 0,                1,      8873.0,         0.0,     0.0           ,        19412.0   ,       0.0 ,                0
2025-05-01, Thursday   , Baby Carrier      , 46020,  3385,           577,                2800,         9.86, 2025,     5,   1,           18,          0, 0.0735533778057843, 0.0125377545033788,                  0,                 0,                1,     19412.0,         0.0,     0.0           ,        46020.0   ,       0.92,                1
2025-05-08, Thursday   , Baby Carrier      , 48576,  2073,           180,                2800,         5.01, 2025,     5,   8,           19,          0, 0.0426745167466084, 0.0037054573151903,                  0,                 0,                1,     46020.0,         0.0, 30932.0           ,        48576.0   ,       0.0 ,                0
2025-05-11, Sunday     , Baby Carrier      , 26548,  1254,           182,                2800,         6.09, 2025,     5,  11,           19,          1, 0.047233417454518 , 0.0068552487852649,                  0,                 0,                1,     48576.0,     46131.0, 28134.42857142857 ,        26548.0   ,       0.0 ,                0
2025-05-12, Monday     , Baby Carrier      , 23556,  1283,           253,                2800,         7.59, 2025,     5,  12,           20,          0, 0.0544636413804813, 0.0107399074585049,                  0,                 0,                1,     26548.0,      2189.0, 31186.85714285714 ,        23556.0   ,       0.0 ,                0
2025-06-19, Thursday   , Baby Carrier      ,  6495,   211,            38,                2800,         4.42, 2025,     6,  19,           25,          0, 0.032481527093596 , 0.0058497536945812,                  0,                 0,                1,     23556.0,     45323.0, 25640.0           ,         6495.0   ,       0.0 ,                0
2025-06-24, Tuesday    , Baby Carrier      , 21508,   937,           182,                2800,         6.05, 2025,     6,  24,           26,          0, 0.0435631596076061, 0.0084615742247431,                  0,                 0,                1,      6495.0,      8873.0, 27445.0           ,        21508.0   ,       0.0 ,                0
2025-07-04, Friday     , Baby Carrier      ,  3679,   139,             9,                2800,         4.27, 2025,     7,   4,           27,          0, 0.0377717391304347, 0.002445652173913 ,                  0,                 0,                1,     21508.0,     19412.0, 25197.42857142857 ,         3678.9995,       0.0 ,                0
2025-07-06, Sunday     , Baby Carrier      , 31124,  1671,           108,                2800,         6.06, 2025,     7,   6,           27,          1, 0.0536867469879518, 0.0034698795180722,                  0,                 0,                1,      3679.0,     46020.0, 23069.42857142857 ,        31124.0   ,       0.0 ,                0
2025-07-15, Tuesday    , Baby Carrier      , 42770,  3037,           448,                2800,         9.2 , 2025,     7,  15,           29,          0, 0.0710060555048981, 0.0104743868509036,                  0,                 0,                1,     31124.0,     48576.0, 22240.0           ,        42769.996 ,       0.98,                1
2025-07-26, Saturday   , Baby Carrier      ,  4914,   172,            31,                2800,         4.76, 2025,     7,  26,           30,          1, 0.0349949135300101, 0.0063072227873855,                  0,                 0,                1,     42770.0,     26548.0, 19149.42857142857 ,         4914.0005,       0.0 ,                0
2025-08-10, Sunday     , Baby Carrier      , 25803,   881,           146,                2800,         4.55, 2025,     8,  10,           32,          1, 0.0341419934893814, 0.0056580375135637,                  0,                 0,                1,      4914.0,     23556.0, 19470.42857142857 ,        25803.0   ,       0.0 ,                0
2025-09-22, Monday     , Baby Carrier      , 42118,  2494,           274,                2800,         7.22, 2025,     9,  22,           39,          0, 0.0592131816994705, 0.0065053776205512,                  0,                 0,                1,     25803.0,      6495.0, 24559.42857142857 ,        42118.0   ,       0.01,                0
2025-09-25, Thursday   , Baby Carrier      , 30732,  1217,            68,                2800,         4.4 , 2025,     9,  25,           39,          0, 0.0395991279731884, 0.0022126053427911,                  0,                 0,                1,     42118.0,     21508.0, 25877.14285714286 ,        30732.0   ,       0.0 ,                0
2025-09-29, Monday     , Baby Carrier      , 18282,   584,            99,                2800,         4.28, 2025,     9,  29,           40,          0, 0.0319422414264617, 0.0054148662692118,                  0,                 0,                1,     30732.0,      3679.0, 27963.285714285717,        18282.0   ,       0.02,                0
2025-10-03, Friday     , Baby Carrier      , 10717,   652,            68,                2800,         7.35, 2025,    10,   3,           40,          0, 0.0608322448217951, 0.0063444672513528,                  0,                 0,                1,     18282.0,     31124.0, 25048.0           ,        10717.0   ,       0.0 ,                0
2025-10-05, Sunday     , Baby Carrier      ,  7126,   458,            80,                2800,         8.67, 2025,    10,   5,           40,          1, 0.0642626631121088, 0.0112249193208923,                  0,                 0,                1,     10717.0,     42770.0, 19956.0           ,         7126.0   ,       0.0 ,                0
2025-10-31, Friday     , Baby Carrier      , 34293,  1734,           177,                2800,         6.09, 2025,    10,  31,           44,          0, 0.0505627806613401, 0.0051612526972648,                  0,                 0,                1,      7126.0,      4914.0, 24153.0           ,        34293.0   ,       0.0 ,                0
2025-11-05, Wednesday  , Baby Carrier      , 32523,  1241,            92,                2800,         4.38, 2025,    11,   5,           45,          0, 0.0381564383224695, 0.0028286803591194,                  0,                 0,                1,     34293.0,     25803.0, 25113.0           ,        32523.0   ,       0.0 ,                0
2025-11-14, Friday     , Baby Carrier      , 35187,  2810,           457,                2800,        10.58, 2025,    11,  14,           46,          0, 0.0798567693531885, 0.0129873820620666,                  0,                 0,                1,     32523.0,     42118.0, 24122.85714285714 ,        35187.0   ,       0.98,                1
2025-11-16, Sunday     , Baby Carrier      , 34265,  1874,           305,                2800,         7.25, 2025,    11,  16,           46,          1, 0.0546897799568085, 0.008900951380377 ,                  0,                 0,                1,     35187.0,     30732.0, 24627.571428571428,        34265.0   ,       0.0 ,                0
2025-11-24, Monday     , Baby Carrier      , 46241,  2800,           147,                2800,         6.69, 2025,    11,  24,           48,          0, 0.0605510142294883, 0.0031789282470481,                  0,                 0,                1,     34265.0,     18282.0, 28621.714285714286,        46241.0   ,       0.01,                0
2025-12-04, Thursday   , Baby Carrier      , 10666,   713,            84,                2800,         8.26, 2025,    12,   4,           49,          0, 0.0668416611980875, 0.0078747539139401,                  0,                 0,                1,     46241.0,     10717.0, 28614.42857142857 ,        10666.0   ,       0.0 ,                0
2025-12-06, Saturday   , Baby Carrier      , 47080,  2585,           291,                2800,         6.73, 2025,    12,   6,           49,          1, 0.0549053758416346, 0.0061808372804315,                  0,                 0,                1,     10666.0,      7126.0, 34322.142857142855,        47080.0   ,       0.0 ,                0
2025-12-12, Friday     , Baby Carrier      ,  4482,   181,            33,                2800,         5.51, 2025,    12,  12,           50,          0, 0.0403747490519741, 0.0073611420923488,                  0,                 0,                1,     47080.0,     34293.0, 30063.42857142857 ,         4482.0005,       0.0 ,                0
2025-12-18, Thursday   , Baby Carrier      , 12093,   681,           115,                2800,         7.53, 2025,    12,  18,           51,          0, 0.0563089135108318, 0.0095088473623284,                  0,                 0,                1,      4482.0,     32523.0, 27144.85714285714 ,        12093.001 ,       0.0 ,                0
2026-01-16, Friday     , Baby Carrier      , 30769,  1533,           296,                2800,         6.91, 2026,     1,  16,            3,          0, 0.0498212544686382, 0.0096197595060123,                  0,                 0,                1,     12093.0,     35187.0, 26513.714285714286,        30769.0   ,       0.0 ,                0
2026-01-18, Sunday     , Baby Carrier      ,  3762,   271,            47,                2800,         9.7 , 2026,     1,  18,            3,          1, 0.072017007706617 , 0.012490034546904 ,                  0,                 0,                1,     30769.0,     34265.0, 22156.14285714286 ,         3761.9995,       0.97,                1
2026-02-20, Friday     , Baby Carrier      , 43898,  2608,           514,                2800,         8.28, 2026,     2,  20,            8,          0, 0.0594090981571334, 0.0117086949588828,                  0,                 0,                1,      3762.0,     46241.0, 21821.42857142857 ,        43898.0   ,       0.01,                0
2026-03-03, Tuesday    , Baby Carrier      , 48007,  2077,           144,                2800,         4.93, 2026,     3,   3,           10,          0, 0.043263622729545 , 0.0029995000833194,                  0,                 0,                1,     43898.0,     10666.0, 27155.85714285714 ,        48007.0   ,       0.01,                0
2026-03-04, Wednesday  , Baby Carrier      , 19602,  1524,           273,                2800,        10.56, 2026,     3,   4,           10,          0, 0.077743202571035 , 0.0139264398306381,                  0,                 0,                1,     48007.0,     47080.0, 23230.42857142857 ,        19602.0   ,       0.98,                1
2026-03-14, Saturday   , Baby Carrier      , 34088,  2607,           171,                2800,         8.65, 2026,     3,  14,           11,          1, 0.0764762826718296, 0.005016280911731 ,                  0,                 0,                1,     19602.0,      4482.0, 27459.85714285714 ,        34088.0   ,       0.94,                1
2025-04-02, Wednesday  , Baby Feeding Chair,  7311,   582,            83,               16000,        10.23, 2025,     4,   2,           14,          0, 0.0795951859956236, 0.011351203501094 ,                  0,                 1,                0,         0.0,         0.0,     0.0           ,         7311.0   ,       0.99,                1
2025-04-09, Wednesday  , Baby Feeding Chair,  4612,   191,            16,               16000,         4.84, 2025,     4,   9,           15,          0, 0.0414047257749837, 0.0034684587036635,                  0,                 1,                0,      7311.0,         0.0,     0.0           ,         4612.0   ,       0.0 ,                0
2025-04-17, Thursday   , Baby Feeding Chair, 23243,  1402,           128,               16000,         7.13, 2025,     4,  17,           16,          0, 0.0603166408535536, 0.0055067974531061,                  0,                 1,                0,      4612.0,         0.0,     0.0           ,        23242.996 ,       0.0 ,                0
2025-04-22, Tuesday    , Baby Feeding Chair, 25599,  1242,           186,               16000,         6.3 , 2025,     4,  22,           17,          0, 0.048515625       , 0.007265625       ,                  0,                 1,                0,     23243.0,         0.0,     0.0           ,        25599.0   ,       0.0 ,                0
2025-04-23, Wednesday  , Baby Feeding Chair, 32818,  1954,           178,               16000,         7.04, 2025,     4,  23,           17,          0, 0.059538681861117 , 0.0054236874980956,                  0,                 1,                0,     25599.0,         0.0,     0.0           ,        32818.0   ,       0.04,                0
2025-05-17, Saturday   , Baby Feeding Chair, 17708,  1291,           127,               16000,         8.72, 2025,     5,  17,           20,          1, 0.0729007849116268, 0.0071714947201987,                  0,                 1,                0,     32818.0,         0.0,     0.0           ,        17708.002 ,       1.0 ,                1
2025-05-18, Sunday     , Baby Feeding Chair,  8546,   560,            95,               16000,         8.78, 2025,     5,  18,           20,          1, 0.0655200655200655, 0.0111150111150111,                  0,                 1,                0,     17708.0,         0.0, 17119.571428571428,         8546.0   ,       0.01,                0
2025-05-24, Saturday   , Baby Feeding Chair, 31855,  1964,           198,               16000,         7.41, 2025,     5,  24,           21,          1, 0.0616524359618282, 0.0062154696132596,                  0,                 1,                0,      8546.0,      7311.0, 20625.85714285714 ,        31855.0   ,       0.07,                0
2025-05-26, Monday     , Baby Feeding Chair, 14183,  1028,           195,               16000,        10.0 , 2025,     5,  26,           22,          0, 0.0724760293288212, 0.0137478849407783,                  0,                 1,                0,     31855.0,      4612.0, 21993.14285714286 ,        14183.0   ,       1.0 ,                1
2025-06-08, Sunday     , Baby Feeding Chair, 19453,  1473,           155,               16000,         9.17, 2025,     6,   8,           23,          1, 0.0757170761797059, 0.0079675131078441,                  0,                 1,                0,     14183.0,     23243.0, 21451.714285714286,        19453.0   ,       0.99,                1
2025-06-13, Friday     , Baby Feeding Chair, 36663,  1228,            99,               16000,         3.89, 2025,     6,  13,           24,          0, 0.0334933449705433, 0.0027001963779183,                  0,                 1,                0,     19453.0,     25599.0, 23032.285714285717,        36662.996 ,       0.01,                0
2025-06-26, Thursday   , Baby Feeding Chair,  6142,   399,            28,               16000,         7.41, 2025,     6,  26,           26,          0, 0.0649519778609799, 0.0045580335341038,                  0,                 1,                0,     36663.0,     32818.0, 19221.42857142857 ,         6142.0005,       0.01,                0
2025-06-27, Friday     , Baby Feeding Chair, 39233,  2189,           215,               16000,         6.68, 2025,     6,  27,           26,          0, 0.0557934444614365, 0.0054799408676148,                  0,                 1,                0,      6142.0,     17708.0, 22296.42857142857 ,        39233.0   ,       0.0 ,                0
2025-07-05, Saturday   , Baby Feeding Chair, 11435,   369,            20,               16000,         3.58, 2025,     7,   5,           27,          1, 0.0322665267576075, 0.0017488632388947,                  0,                 1,                0,     39233.0,      8546.0, 22709.14285714286 ,        11435.0   ,       0.0 ,                0
2025-08-09, Saturday   , Baby Feeding Chair, 42262,  3351,           546,               16000,        10.51, 2025,     8,   9,           32,          1, 0.0792892127865982, 0.0129191018148262,                  0,                 1,                0,     11435.0,     31855.0, 24195.85714285714 ,        42262.0   ,       0.98,                1
2025-08-12, Tuesday    , Baby Feeding Chair, 17485,   955,            49,               16000,         6.02, 2025,     8,  12,           33,          0, 0.0546151206679629, 0.0028022417934347,                  0,                 1,                0,     42262.0,     14183.0, 24667.571428571428,        17485.0   ,       0.02,                0
2025-08-13, Wednesday  , Baby Feeding Chair,  5709,   187,            12,               16000,         3.7 , 2025,     8,  13,           33,          0, 0.0327495621716287, 0.0021015761821366,                  0,                 1,                0,     17485.0,     19453.0, 22704.14285714286 ,         5709.0005,       0.01,                0
2025-08-29, Friday     , Baby Feeding Chair, 12136,   617,           117,               16000,         7.01, 2025,     8,  29,           35,          0, 0.0508362857378264, 0.0096399439729752,                  0,                 1,                0,      5709.0,     36663.0, 19200.285714285717,        12136.0   ,       0.0 ,                0
2025-09-04, Thursday   , Baby Feeding Chair, 14763,  1042,           208,               16000,         9.88, 2025,     9,   4,           36,          0, 0.0705770793822812, 0.0140883229477106,                  0,                 1,                0,     12136.0,      6142.0, 20431.85714285714 ,        14763.0   ,       0.97,                1
2025-09-24, Wednesday  , Baby Feeding Chair, 20271,  1088,           163,               16000,         6.98, 2025,     9,  24,           39,          0, 0.053670086819258 , 0.0080406471981057,                  0,                 1,                0,     14763.0,     39233.0, 17723.0           ,        20271.0   ,       0.0 ,                0
2025-10-14, Tuesday    , Baby Feeding Chair, 21123,  1315,           178,               16000,         7.91, 2025,    10,  14,           42,          0, 0.0622514675250899, 0.0084264343874266,                  0,                 1,                0,     20271.0,     11435.0, 19107.0           ,        21123.0   ,       0.07,                0
2025-10-16, Thursday   , Baby Feeding Chair, 29285,  1208,           126,               16000,         4.99, 2025,    10,  16,           42,          0, 0.0412483780646042, 0.0043023970497848,                  0,                 1,                0,     21123.0,     42262.0, 17253.14285714286 ,        29285.002 ,       0.0 ,                0
2025-10-25, Saturday   , Baby Feeding Chair,  4048,   245,            22,               16000,         7.14, 2025,    10,  25,           43,          1, 0.0605087675969375, 0.0054334403556433,                  0,                 1,                0,     29285.0,     17485.0, 15333.57142857143 ,         4047.9998,       0.01,                0
2025-11-02, Sunday     , Baby Feeding Chair,  3908,   260,            49,               16000,         9.16, 2025,    11,   2,           44,          1, 0.0665131747249936, 0.0125351752366334,                  0,                 1,                0,      4048.0,      5709.0, 15076.285714285714,         3908.0007,       0.01,                0
2025-11-06, Thursday   , Baby Feeding Chair, 21282,  1346,           172,               16000,         7.94, 2025,    11,   6,           45,          0, 0.0632429638678757, 0.008081567448198 ,                  0,                 1,                0,      3908.0,     12136.0, 16382.857142857143,        21282.0   ,       0.04,                0
2025-11-17, Monday     , Baby Feeding Chair, 25710,  1258,           149,               16000,         6.05, 2025,    11,  17,           47,          0, 0.0489284741939247, 0.0057951849402979,                  0,                 1,                0,     21282.0,     14763.0, 17946.714285714286,        25710.0   ,       0.0 ,                0
2025-11-19, Wednesday  , Baby Feeding Chair, 16382,   826,           136,               16000,         6.7 , 2025,    11,  19,           47,          0, 0.0504181163401086, 0.0083012879204052,                  0,                 1,                0,     25710.0,     20271.0, 17391.14285714286 ,        16382.0   ,       0.01,                0
2025-12-20, Saturday   , Baby Feeding Chair, 47368,  1946,           164,               16000,         4.8 , 2025,    12,  20,           51,          1, 0.0410817201123097, 0.00346217990669  ,                  0,                 1,                0,     16382.0,     21123.0, 21140.42857142857 ,        47368.0   ,       0.01,                0
2025-12-31, Wednesday  , Baby Feeding Chair,  9083,   372,            72,               16000,         5.68, 2025,    12,  31,            1,          0, 0.0409511228533685, 0.0079260237780713,                  0,                 1,                0,     47368.0,     29285.0, 18254.42857142857 ,         9082.999 ,       0.0 ,                0
2026-01-17, Saturday   , Baby Feeding Chair, 25863,  1053,            57,               16000,         4.51, 2026,     1,  17,            3,          1, 0.0407129600989792, 0.0022038354469532,                  0,                 1,                0,      9083.0,      4048.0, 21370.85714285714 ,        25863.0   ,       0.0 ,                0
2026-01-20, Tuesday    , Baby Feeding Chair,  3524,   166,            17,               16000,         5.68, 2026,     1,  20,            4,          0, 0.0470921985815602, 0.0048226950354609,                  0,                 1,                0,     25863.0,      3908.0, 21316.0           ,         3524.0   ,       0.0 ,                0
2026-01-23, Friday     , Baby Feeding Chair, 43131,  3380,           171,               16000,         8.63, 2026,     1,  23,            4,          0, 0.0783640916257071, 0.0039645738662709,                  0,                 1,                0,      3524.0,     21282.0, 24437.285714285717,        43131.0   ,       0.99,                1
2026-01-30, Friday     , Baby Feeding Chair, 31711,  2418,           186,               16000,         8.8 , 2026,     1,  30,            5,          0, 0.0762487386478304, 0.0058652875882946,                  0,                 1,                0,     43131.0,     25710.0, 25294.571428571428,        31711.0   ,       0.98,                1
2026-01-31, Saturday   , Baby Feeding Chair, 21541,  1632,            89,               16000,         8.4 , 2026,     1,  31,            5,          1, 0.0757589824528827, 0.0041314641166094,                  0,                 1,                0,     31711.0,     16382.0, 26031.571428571428,        21541.002 ,       1.0 ,                1
2026-02-10, Tuesday    , Baby Feeding Chair,  2545,    79,            14,               16000,         4.2 , 2026,     2,  10,            7,          0, 0.0310290652003142, 0.0054988216810683,                  0,                 1,                0,     21541.0,     47368.0, 19628.285714285717,         2545.0   ,       0.0 ,                0
2026-02-12, Thursday   , Baby Feeding Chair, 43773,  2080,           343,               16000,         6.32, 2026,     2,  12,            7,          0, 0.0475167907890528, 0.0078357015580024,                  0,                 1,                0,      2545.0,      9083.0, 24584.0           ,        43773.0   ,       0.0 ,                0
2026-03-05, Thursday   , Baby Feeding Chair, 48542,  3046,           403,               16000,         7.94, 2026,     3,   5,           10,          0, 0.0627484910285726, 0.0083019178872339,                  0,                 1,                0,     43773.0,     25863.0, 27823.85714285714 ,        48542.0   ,       0.0 ,                0
2026-03-16, Monday     , Baby Feeding Chair, 11017,   586,           106,               16000,         7.24, 2026,     3,  16,           12,          0, 0.0531856961335995, 0.0096206208023234,                  0,                 1,                0,     48542.0,      3524.0, 28894.285714285717,        11017.0   ,       0.0 ,                0
2026-03-26, Thursday   , Baby Feeding Chair, 49295,  3224,           193,               16000,         7.32, 2026,     3,  26,           13,          0, 0.0654008438818565, 0.0039151249594287,                  0,                 1,                0,     11017.0,     43131.0, 29774.85714285714 ,        49295.0   ,       0.02,                0
2025-05-04, Sunday     , Baby Mittens Set  ,  8776,   622,           111,                 500,         9.62, 2025,     5,   4,           18,          1, 0.0708670388515438, 0.0126466902130568,                  1,                 0,                0,         0.0,         0.0,     0.0           ,         8776.0   ,       0.97,                1
2025-05-14, Wednesday  , Baby Mittens Set  , 27342,  1918,           231,                 500,         8.7 , 2025,     5,  14,           20,          0, 0.0701459240024869, 0.0084482317229272,                  1,                 0,                0,      8776.0,         0.0,     0.0           ,        27342.0   ,       0.93,                1
2025-05-15, Thursday   , Baby Mittens Set  ,  2197,   109,            18,                 500,         6.6 , 2025,     5,  15,           20,          0, 0.0495905368516833, 0.008189262966333 ,                  1,                 0,                0,     27342.0,         0.0,     0.0           ,         2196.9998,       0.0 ,                0
2025-05-20, Tuesday    , Baby Mittens Set  , 37153,  2670,           404,                 500,         9.36, 2025,     5,  20,           21,          0, 0.071863056467675 , 0.0108736609786294,                  1,                 0,                0,      2197.0,         0.0,     0.0           ,        37153.0   ,       0.99,                1
2025-05-23, Friday     , Baby Mittens Set  ,  4049,   323,            62,                 500,        11.04, 2025,     5,  23,           21,          0, 0.079753086419753 , 0.0153086419753086,                  1,                 0,                0,     37153.0,         0.0,     0.0           ,         4049.0   ,       0.99,                1
2025-06-01, Sunday     , Baby Mittens Set  , 35986,  2262,           305,                 500,         7.98, 2025,     6,   1,           22,          1, 0.0628560313446522, 0.0084752827409898,                  1,                 0,                0,      4049.0,         0.0,     0.0           ,        35986.0   ,       0.01,                0
2025-06-06, Friday     , Baby Mittens Set  , 11007,   484,            25,                 500,         4.85, 2025,     6,   6,           23,          0, 0.0439680232558139, 0.0022710755813953,                  1,                 0,                0,     35986.0,         0.0, 18072.85714285714 ,        11007.0   ,       0.0 ,                0
2025-06-07, Saturday   , Baby Mittens Set  , 42447,  1649,           315,                 500,         5.37, 2025,     6,   7,           23,          1, 0.0388475310968714, 0.0074208443271767,                  1,                 0,                0,     11007.0,      8776.0, 22883.0           ,        42447.0   ,       0.02,                0
2025-06-16, Monday     , Baby Mittens Set  , 14533,   697,            65,                 500,         5.69, 2025,     6,  16,           25,          0, 0.0479565157561579, 0.0044722719141323,                  1,                 0,                0,     42447.0,     27342.0, 21053.14285714286 ,        14533.001 ,       0.0 ,                0
2025-07-17, Thursday   , Baby Mittens Set  , 14161,   452,            64,                 500,         4.1 , 2025,     7,  17,           29,          0, 0.031916395989267 , 0.0045191357152944,                  1,                 0,                0,     14533.0,      2197.0, 22762.285714285717,        14161.0   ,       0.01,                0
2025-07-18, Friday     , Baby Mittens Set  , 29472,  1850,           199,                 500,         7.63, 2025,     7,  18,           29,          0, 0.0627693142876531, 0.006751942455807 ,                  1,                 0,                0,     14161.0,     37153.0, 21665.0           ,        29472.0   ,       0.02,                0
2025-07-24, Thursday   , Baby Mittens Set  , 36911,  1736,           329,                 500,         6.49, 2025,     7,  24,           30,          0, 0.0470307758994364, 0.0089130905938448,                  1,                 0,                0,     29472.0,      4049.0, 26359.571428571428,        36911.0   ,       0.01,                0
2025-08-01, Friday     , Baby Mittens Set  ,  3167,   220,            14,                 500,         7.83, 2025,     8,   1,           31,          0, 0.0694444444444444, 0.0044191919191919,                  1,                 0,                0,     36911.0,     35986.0, 21671.14285714286 ,         3167.0   ,       0.97,                1
2025-08-08, Friday     , Baby Mittens Set  , 15807,  1156,           210,                 500,         9.97, 2025,     8,   8,           32,          0, 0.0731275303643724, 0.0132844129554655,                  1,                 0,                0,      3167.0,     11007.0, 22356.85714285714 ,        15807.001 ,       0.91,                1
2025-08-18, Monday     , Baby Mittens Set  , 39678,  2958,           382,                 500,         9.38, 2025,     8,  18,           34,          0, 0.0745482497038735, 0.0096272587514806,                  1,                 0,                0,     15807.0,     42447.0, 21961.285714285717,        39678.0   ,       0.98,                1
2025-08-24, Sunday     , Baby Mittens Set  , 11337,   446,            53,                 500,         4.87, 2025,     8,  24,           34,          1, 0.0393367436937731, 0.004674545775269 ,                  1,                 0,                0,     39678.0,     14533.0, 21504.714285714286,        11337.0   ,       0.0 ,                0
2025-08-27, Wednesday  , Baby Mittens Set  , 37547,  1635,           114,                 500,         4.96, 2025,     8,  27,           35,          0, 0.043544263342921 , 0.0030361137743688,                  1,                 0,                0,     11337.0,     14161.0, 24845.571428571428,        37547.0   ,       0.02,                0
2025-09-11, Thursday   , Baby Mittens Set  , 10427,   605,           109,                 500,         7.89, 2025,     9,  11,           37,          0, 0.0580168776371308, 0.0104526275412351,                  1,                 0,                0,     37547.0,     29472.0, 22124.85714285714 ,        10427.0   ,       0.0 ,                0
2025-09-12, Friday     , Baby Mittens Set  , 21198,   666,           108,                 500,         4.16, 2025,     9,  12,           37,          0, 0.0314165762535968, 0.0050945799330157,                  1,                 0,                0,     10427.0,     36911.0, 19880.14285714286 ,        21198.0   ,       0.0 ,                0
2025-09-16, Tuesday    , Baby Mittens Set  , 19715,  1131,           133,                 500,         7.09, 2025,     9,  16,           38,          0, 0.0573645769933049, 0.0067457902211401,                  1,                 0,                0,     21198.0,      3167.0, 22244.14285714286 ,        19715.0   ,       0.0 ,                0
2025-09-26, Friday     , Baby Mittens Set  , 23969,  1052,            80,                 500,         5.06, 2025,     9,  26,           39,          0, 0.0438881935753024, 0.0033375052148518,                  1,                 0,                0,     19715.0,     15807.0, 23410.14285714286 ,        23969.0   ,       0.0 ,                0
2025-09-30, Tuesday    , Baby Mittens Set  , 45221,  1541,           278,                 500,         4.64, 2025,     9,  30,           40,          0, 0.0340763345274423, 0.0061474503560214,                  1,                 0,                0,     23969.0,     39678.0, 24202.0           ,        45221.0   ,       0.0 ,                0
2025-11-10, Monday     , Baby Mittens Set  ,  4192,   314,            33,                 500,         9.06, 2025,    11,  10,           46,          0, 0.0748867159551633, 0.0078702599570713,                  1,                 0,                0,     45221.0,     11337.0, 23181.285714285717,         4192.0005,       0.99,                1
2025-11-22, Saturday   , Baby Mittens Set  , 12789,   529,            60,                 500,         5.07, 2025,    11,  22,           47,          1, 0.0413604378420641, 0.0046911649726348,                  1,                 0,                0,      4192.0,     37547.0, 19644.42857142857 ,        12789.001 ,       0.01,                0
2025-11-28, Friday     , Baby Mittens Set  , 49882,  2620,           175,                 500,         5.95, 2025,    11,  28,           48,          0, 0.0525229035944109, 0.0035082092095503,                  1,                 0,                0,     12789.0,     10427.0, 25280.85714285714 ,        49882.0   ,       0.0 ,                0
2025-12-02, Tuesday    , Baby Mittens Set  , 41224,  1246,           124,                 500,         3.62, 2025,    12,   2,           49,          0, 0.0302243784111582, 0.0030078835657974,                  1,                 0,                0,     49882.0,     21198.0, 28141.714285714286,        41224.0   ,       0.0 ,                0
2025-12-11, Thursday   , Baby Mittens Set  , 22806,  1363,            81,                 500,         6.69, 2025,    12,  11,           50,          0, 0.0597623536633489, 0.0035515411934932,                  1,                 0,                0,     41224.0,     19715.0, 28583.285714285717,        22806.0   ,       0.01,                0
2025-12-13, Saturday   , Baby Mittens Set  , 29952,   953,           115,                 500,         3.95, 2025,    12,  13,           50,          1, 0.0318165125363068, 0.003839348312356 ,                  1,                 0,                0,     22806.0,     23969.0, 29438.0           ,        29952.0   ,       0.0 ,                0
2026-01-03, Saturday   , Baby Mittens Set  ,  4573,   306,            47,                 500,         8.75, 2026,     1,   3,            1,          1, 0.0668998688237866, 0.0102754700480979,                  1,                 0,                0,     29952.0,     45221.0, 23631.14285714286 ,         4573.001 ,       0.02,                0
2026-01-04, Sunday     , Baby Mittens Set  , 25752,   951,           166,                 500,         4.98, 2026,     1,   4,            1,          1, 0.0369277365743796, 0.0064458509688191,                  1,                 0,                0,      4573.0,      4192.0, 26711.14285714286 ,        25752.0   ,       0.0 ,                0
2026-01-24, Saturday   , Baby Mittens Set  , 28212,   975,           182,                 500,         4.75, 2026,     1,  24,            4,          1, 0.0345585368447169, 0.0064509268776805,                  1,                 0,                0,     25752.0,     12789.0, 28914.42857142857 ,        28212.0   ,       0.0 ,                0
2026-02-19, Thursday   , Baby Mittens Set  , 11155,   456,            87,                 500,         5.65, 2026,     2,  19,            8,          0, 0.0408748655432054, 0.007798494083901 ,                  1,                 0,                0,     28212.0,     49882.0, 23382.0           ,        11155.0   ,       0.0 ,                0
2026-03-24, Tuesday    , Baby Mittens Set  , 37150,  2845,           185,                 500,         8.65, 2026,     3,  24,           13,          0, 0.0765793652929934, 0.0049796775322333,                  1,                 0,                0,     11155.0,     41224.0, 22800.0           ,        37150.0   ,       1.0 ,                1
2025-04-03, Thursday   , Baby Romper       , 30693,   931,            49,                1200,         3.35, 2025,     4,   3,           14,          0, 0.0303316609109272, 0.0015964032058382,                  1,                 0,                0,         0.0,         0.0,     0.0           ,        30693.002 ,       0.0 ,                0
2025-04-10, Thursday   , Baby Romper       , 19159,   607,           113,                1200,         4.35, 2025,     4,  10,           15,          0, 0.0316805845511482, 0.0058977035490605,                  1,                 0,                0,     30693.0,         0.0,     0.0           ,        19159.002 ,       0.0 ,                0
2025-04-18, Friday     , Baby Romper       , 42774,  2188,           239,                1200,         6.23, 2025,     4,  18,           16,          0, 0.0511513734658094, 0.0055873758036236,                  1,                 0,                0,     19159.0,         0.0,     0.0           ,        42774.0   ,       0.02,                0
2025-06-02, Monday     , Baby Romper       , 43914,  2124,           190,                1200,         5.7 , 2025,     6,   2,           23,          0, 0.0483661619036775, 0.0043265399066378,                  1,                 0,                0,     42774.0,         0.0,     0.0           ,        43913.996 ,       0.01,                0
2025-06-12, Thursday   , Baby Romper       , 36584,  1819,           321,                1200,         6.73, 2025,     6,  12,           24,          0, 0.0497198305316386, 0.0087740877408774,                  1,                 0,                0,     43914.0,         0.0,     0.0           ,        36584.0   ,       0.01,                0
2025-06-28, Saturday   , Baby Romper       , 10311,   448,            51,                1200,         5.33, 2025,     6,  28,           26,          1, 0.04344453064391  , 0.0049456943366951,                  1,                 0,                0,     36584.0,         0.0,     0.0           ,        10311.0   ,       0.0 ,                0
2025-06-29, Sunday     , Baby Romper       , 27945,   873,           169,                1200,         4.33, 2025,     6,  29,           26,          1, 0.0312388177198883, 0.006047377084377 ,                  1,                 0,                0,     10311.0,         0.0, 30197.14285714286 ,        27945.0   ,       0.0 ,                0
2025-07-22, Tuesday    , Baby Romper       , 46425,  2375,           321,                1200,         6.5 , 2025,     7,  22,           30,          0, 0.0511566794468616, 0.0069142290957653,                  1,                 0,                0,     27945.0,     30693.0, 32444.571428571428,        46425.0   ,       0.0 ,                0
2025-07-27, Sunday     , Baby Romper       , 43555,  3106,           304,                1200,         8.53, 2025,     7,  27,           30,          1, 0.0713104968316649, 0.0069795206171365,                  1,                 0,                0,     46425.0,     19159.0, 35929.71428571428 ,        43555.0   ,       0.96,                1
2025-08-03, Sunday     , Baby Romper       , 25714,  1912,           196,                1200,         8.96, 2025,     8,   3,           31,          1, 0.0743534901808283, 0.0076220104997083,                  1,                 0,                0,     43555.0,     42774.0, 33492.57142857143 ,        25714.0   ,       1.0 ,                1
2025-08-05, Tuesday    , Baby Romper       ,  9056,   317,            19,                1200,         3.92, 2025,     8,   5,           32,          0, 0.0350005520591807, 0.0020978248868278,                  1,                 0,                0,     25714.0,     43914.0, 28512.85714285714 ,         9056.0   ,       0.0 ,                0
2025-08-07, Thursday   , Baby Romper       , 19924,  1109,            94,                1200,         6.51, 2025,     8,   7,           32,          0, 0.0556587202007528, 0.0047176913425345,                  1,                 0,                0,      9056.0,     36584.0, 26132.85714285714 ,        19924.0   ,       0.0 ,                0
2025-09-10, Wednesday  , Baby Romper       , 45125,  3229,           310,                1200,         8.53, 2025,     9,  10,           37,          0, 0.0715552009927757, 0.0068696538580862,                  1,                 0,                0,     19924.0,     10311.0, 31106.285714285717,        45125.0   ,       0.72,                1
2025-09-19, Friday     , Baby Romper       , 21963,   731,            41,                1200,         3.7 , 2025,     9,  19,           38,          0, 0.03328173374613  , 0.0018666909488253,                  1,                 0,                0,     45125.0,     27945.0, 30251.714285714286,        21963.0   ,       0.0 ,                0
2025-09-27, Saturday   , Baby Romper       , 41749,  1504,           179,                1200,         4.46, 2025,     9,  27,           39,          1, 0.0360239520958083, 0.0042874251497005,                  1,                 0,                0,     21963.0,     46425.0, 29583.714285714286,        41749.0   ,       0.0 ,                0
2025-10-06, Monday     , Baby Romper       , 40638,  1281,           230,                1200,         4.28, 2025,    10,   6,           41,          0, 0.0315214449174438, 0.0056595880804153,                  1,                 0,                0,     41749.0,     43555.0, 29167.0           ,        40638.0   ,       0.0 ,                0
2025-10-12, Sunday     , Baby Romper       , 28069,  1665,           269,                1200,         7.85, 2025,    10,  12,           41,          1, 0.0593159957249732, 0.0095831848949055,                  1,                 0,                0,     40638.0,     25714.0, 29503.42857142857 ,        28069.0   ,       0.0 ,                0
2025-10-15, Wednesday  , Baby Romper       , 12554,   995,           140,                1200,        10.16, 2025,    10,  15,           42,          0, 0.0792512943050577, 0.0111509358821186,                  1,                 0,                0,     28069.0,      9056.0, 30003.14285714286 ,        12553.999 ,       0.98,                1
2025-11-15, Saturday   , Baby Romper       , 34154,  2295,           126,                1200,         7.46, 2025,    11,  15,           46,          1, 0.067193675889328 , 0.0036890645586297,                  1,                 0,                0,     12554.0,     19924.0, 32036.0           ,        34154.0   ,       0.04,                0
2025-11-26, Wednesday  , Baby Romper       , 40727,  2548,           422,                1200,         8.33, 2025,    11,  26,           48,          0, 0.0625613828324494, 0.0103614221174621,                  1,                 0,                0,     34154.0,     45125.0, 31407.714285714286,        40727.0   ,       0.0 ,                0
2026-01-15, Thursday   , Baby Romper       , 26063,  1974,           312,                1200,         9.97, 2026,     1,  15,            3,          0, 0.0757366482504604, 0.0119705340699815,                  1,                 0,                0,     40727.0,     21963.0, 31993.42857142857 ,        26063.0   ,       1.0 ,                1
2026-02-04, Wednesday  , Baby Romper       , 23776,  1486,           155,                1200,         7.55, 2026,     2,   4,            6,          0, 0.0624973714093451, 0.0065189048239895,                  1,                 0,                0,     26063.0,     41749.0, 29425.85714285714 ,        23776.0   ,       0.01,                0
2026-03-23, Monday     , Baby Romper       , 23736,  1854,           187,                1200,         9.39, 2026,     3,  23,           13,          0, 0.0781059106036988, 0.0078779963769642,                  1,                 0,                0,     23776.0,     40638.0, 27011.285714285717,        23736.0   ,       1.0 ,                1
2025-03-30, Sunday     , Baby Stroller     ,  8265,   312,            18,               32000,         4.21, 2025,     3,  30,           13,          1, 0.0377449794338253, 0.002177594967336 ,                  0,                 0,                1,         0.0,         0.0,     0.0           ,         8265.0   ,       0.0 ,                0
2025-04-12, Saturday   , Baby Stroller     , 45573,  2612,           203,               32000,         6.62, 2025,     4,  12,           15,          1, 0.0573133804362136, 0.0044542941150656,                  0,                 0,                1,      8265.0,         0.0,     0.0           ,        45573.0   ,       0.0 ,                0
2025-04-28, Monday     , Baby Stroller     , 42342,  2549,           333,               32000,         7.59, 2025,     4,  28,           18,          0, 0.060198852230593 , 0.0078643459367546,                  0,                 0,                1,     45573.0,         0.0,     0.0           ,        42342.0   ,       0.01,                0
2025-05-10, Saturday   , Baby Stroller     , 28736,  2265,           252,               32000,         9.64, 2025,     5,  10,           19,          1, 0.0788182482513832, 0.0087691825869088,                  0,                 0,                1,     42342.0,         0.0,     0.0           ,        28736.0   ,       0.99,                1
2025-05-31, Saturday   , Baby Stroller     , 27876,  1085,           113,               32000,         4.7 , 2025,     5,  31,           22,          1, 0.0389209742798722, 0.004053520823618 ,                  0,                 0,                1,     28736.0,         0.0,     0.0           ,        27876.0   ,       0.0 ,                0
2025-06-05, Thursday   , Baby Stroller     , 41790,  2282,           180,               32000,         6.32, 2025,     6,   5,           23,          0, 0.0546050585054198, 0.0043071474719437,                  0,                 0,                1,     27876.0,         0.0,     0.0           ,        41790.004 ,       0.0 ,                0
2025-06-11, Wednesday  , Baby Stroller     , 37743,  2738,           267,               32000,         8.67, 2025,     6,  11,           24,          0, 0.0725413310724883, 0.0070739720220432,                  0,                 0,                1,     41790.0,         0.0, 33189.28571428572 ,        37743.0   ,       0.99,                1
2025-06-18, Wednesday  , Baby Stroller     , 26376,  1619,           128,               32000,         7.11, 2025,     6,  18,           25,          0, 0.0613792319065852, 0.0048527125905144,                  0,                 0,                1,     37743.0,      8265.0, 35776.57142857143 ,        26376.0   ,       0.0 ,                0
2025-06-20, Friday     , Baby Stroller     , 15403,   907,           105,               32000,         7.25, 2025,     6,  20,           25,          0, 0.0588808101791742, 0.0068164113217346,                  0,                 0,                1,     26376.0,     45573.0, 31466.571428571428,        15403.0   ,       0.01,                0
2025-07-03, Thursday   , Baby Stroller     , 49893,  3317,           189,               32000,         7.41, 2025,     7,   3,           27,          0, 0.0664809395919349, 0.0037880306249248,                  0,                 0,                1,     15403.0,     42342.0, 32545.285714285717,        49893.0   ,       0.07,                0
2025-08-02, Saturday   , Baby Stroller     , 23689,   778,           103,               32000,         4.15, 2025,     8,   2,           31,          1, 0.0328408611228366, 0.0043478260869565,                  0,                 0,                1,     49893.0,     28736.0, 31824.285714285717,        23689.0   ,       0.0 ,                0
2025-08-15, Friday     , Baby Stroller     , 16683,  1303,           138,               32000,         9.46, 2025,     8,  15,           33,          0, 0.0780987772716375, 0.0082713977463438,                  0,                 0,                1,     23689.0,     27876.0, 30225.285714285717,        16683.0   ,       0.99,                1
2025-08-17, Sunday     , Baby Stroller     ,  4105,   125,            24,               32000,         4.21, 2025,     8,  17,           33,          1, 0.0304432537749634, 0.0058451047247929,                  0,                 0,                1,     16683.0,     41790.0, 24841.714285714286,         4105.0   ,       0.02,                0
2025-09-01, Monday     , Baby Stroller     , 25833,  1266,           247,               32000,         6.81, 2025,     9,   1,           36,          0, 0.049005186962917 , 0.0095610435859719,                  0,                 0,                1,      4105.0,     37743.0, 23140.285714285717,        25833.0   ,       0.0 ,                0
2025-09-03, Wednesday  , Baby Stroller     , 10702,   467,            27,               32000,         4.87, 2025,     9,   3,           36,          0, 0.0436326263664393, 0.0025226571989161,                  0,                 0,                1,     25833.0,     26376.0, 20901.14285714286 ,        10701.999 ,       0.0 ,                0
2025-09-06, Saturday   , Baby Stroller     ,  6809,   493,            42,               32000,         8.47, 2025,     9,   6,           36,          1, 0.0723935389133627, 0.0061674008810572,                  0,                 0,                1,     10702.0,     15403.0, 19673.42857142857 ,         6809.0   ,       0.99,                1
2025-09-07, Sunday     , Baby Stroller     , 40765,  1735,           158,               32000,         5.03, 2025,     9,   7,           36,          1, 0.042559976450964 , 0.0038757788353039,                  0,                 0,                1,      6809.0,     49893.0, 18369.42857142857 ,        40765.0   ,       0.0 ,                0
2025-09-09, Tuesday    , Baby Stroller     , 38187,  1658,            88,               32000,         4.8 , 2025,     9,   9,           37,          0, 0.0434167801403582, 0.0023043888132397,                  0,                 0,                1,     40765.0,     23689.0, 20440.571428571428,        38187.0   ,       0.01,                0
2025-10-08, Wednesday  , Baby Stroller     , 12267,   380,            37,               32000,         3.7 , 2025,    10,   8,           41,          0, 0.0309748940332572, 0.0030159765242908,                  0,                 0,                1,     38187.0,     16683.0, 19809.714285714286,        12267.0   ,       0.0 ,                0
2025-10-09, Thursday   , Baby Stroller     ,  8229,   381,            25,               32000,         5.24, 2025,    10,   9,           41,          0, 0.0462940461725394, 0.0030376670716889,                  0,                 0,                1,     12267.0,      4105.0, 20398.85714285714 ,         8228.999 ,       0.0 ,                0
2025-10-13, Monday     , Baby Stroller     , 25275,   919,            85,               32000,         4.31, 2025,    10,  13,           42,          0, 0.036358601044469 , 0.0033628738724481,                  0,                 0,                1,      8229.0,     25833.0, 20319.14285714286 ,        25275.0   ,       0.0 ,                0
2025-10-20, Monday     , Baby Stroller     , 43427,  3407,           612,               32000,        10.66, 2025,    10,  20,           43,          0, 0.0784516901538178, 0.0140922906880353,                  0,                 0,                1,     25275.0,     10702.0, 24994.14285714286 ,        43427.0   ,       0.99,                1
2025-11-04, Tuesday    , Baby Stroller     ,  7951,   549,            95,               32000,         9.29, 2025,    11,   4,           45,          0, 0.0690392354124748, 0.0119466800804828,                  0,                 0,                1,     43427.0,      6809.0, 25157.285714285717,         7951.0   ,       0.92,                1
2025-11-11, Tuesday    , Baby Stroller     , 38455,  1594,           209,               32000,         5.23, 2025,    11,  11,           46,          0, 0.0414499687955065, 0.0054347826086956,                  0,                 0,                1,      7951.0,     40765.0, 24827.285714285717,        38455.0   ,       0.0 ,                0
2025-11-13, Thursday   , Baby Stroller     ,  7788,   426,            68,               32000,         7.22, 2025,    11,  13,           46,          0, 0.0546925150853768, 0.0087302606239568,                  0,                 0,                1,     38455.0,     38187.0, 20484.571428571428,         7788.0   ,       0.0 ,                0
2025-12-08, Monday     , Baby Stroller     , 21097,   646,            96,               32000,         3.97, 2025,    12,   8,           50,          0, 0.0306190160204758, 0.0045501943312162,                  0,                 0,                1,      7788.0,     12267.0, 21746.0           ,        21097.0   ,       0.0 ,                0
2025-12-09, Tuesday    , Baby Stroller     ,  6944,   542,            39,               32000,         8.93, 2025,    12,   9,           50,          0, 0.0780417566594672, 0.0056155507559395,                  0,                 0,                1,     21097.0,      8229.0, 21562.42857142857 ,         6944.0   ,       0.98,                1
2025-12-26, Friday     , Baby Stroller     ,  6425,   220,            17,               32000,         3.95, 2025,    12,  26,           52,          0, 0.0342359165888577, 0.0026455026455026,                  0,                 0,                1,      6944.0,     25275.0, 18869.571428571428,         6425.0005,       0.01,                0
2026-01-05, Monday     , Baby Stroller     , 43401,  3256,           500,               32000,         9.81, 2026,     1,   5,            2,          0, 0.0750195843509515, 0.0115202064420994,                  0,                 0,                1,      6425.0,     43427.0, 18865.85714285714 ,        43401.0   ,       0.98,                1
2026-01-09, Friday     , Baby Stroller     , 42809,  1583,           141,               32000,         4.36, 2026,     1,   9,            2,          0, 0.0369773417425835, 0.0032936229852838,                  0,                 0,                1,     43401.0,      7951.0, 23845.571428571428,        42809.0   ,       0.01,                0
2026-01-10, Saturday   , Baby Stroller     , 19029,  1267,           111,               32000,         7.82, 2026,     1,  10,            2,          1, 0.0665790856542301, 0.0058328954282711,                  0,                 0,                1,     42809.0,     38455.0, 21070.42857142857 ,        19029.0   ,       0.0 ,                0
2026-01-26, Monday     , Baby Stroller     , 26791,  1819,           265,               32000,         8.77, 2026,     1,  26,            5,          0, 0.0678934010152284, 0.0098910122424604,                  0,                 0,                1,     19029.0,      7788.0, 23785.14285714286 ,        26791.0   ,       0.12,                0
2026-02-21, Saturday   , Baby Stroller     , 42970,  3230,           640,               32000,        10.5 , 2026,     2,  21,            8,          1, 0.0751669730748644, 0.0148937655628214,                  0,                 0,                1,     26791.0,     21097.0, 26909.85714285714 ,        42970.0   ,       0.98,                1
2026-02-22, Sunday     , Baby Stroller     , 16899,   561,            61,               32000,         4.04, 2026,     2,  22,            8,          1, 0.0331952662721893, 0.0036094674556213,                  0,                 0,                1,     42970.0,      6944.0, 28332.0           ,        16899.0   ,       0.0 ,                0
2026-03-09, Monday     , Baby Stroller     , 23452,  1701,           211,               32000,         9.05, 2026,     3,   9,           11,          0, 0.0725280347929902, 0.0089967168379311,                  0,                 0,                1,     16899.0,      6425.0, 30764.42857142857 ,        23452.0   ,       1.0 ,                1
2026-03-10, Tuesday    , Baby Stroller     ,  4396,   331,            44,               32000,         9.53, 2026,     3,  10,           11,          0, 0.0752785990448032, 0.0100068228337502,                  0,                 0,                1,     23452.0,     43401.0, 25192.285714285717,         4396.0   ,       1.0 ,                1
2026-03-18, Wednesday  , Baby Stroller     , 38766,  1165,           155,               32000,         3.8 , 2026,     3,  18,           12,          0, 0.0300513323187246, 0.0039982459308174,                  0,                 0,                1,      4396.0,     42809.0, 24614.714285714286,        38766.0   ,       0.0 ,                0
2026-03-20, Friday     , Baby Stroller     , 11882,   939,           135,               32000,        10.18, 2026,     3,  20,           12,          0, 0.0790204493814693, 0.0113607674829588,                  0,                 0,                1,     38766.0,     19029.0, 23593.714285714286,        11882.001 ,       0.99,                1
2026-03-22, Sunday     , Baby Stroller     ,  3007,   106,            17,               32000,         4.66, 2026,     3,  22,           12,          1, 0.0352393617021276, 0.0056515957446808,                  0,                 0,                1,     11882.0,     26791.0, 20196.0           ,         3006.9995,       0.0 ,                0
2025-04-11, Friday     , Baby Towel        ,  3585,   226,            21,                 700,         7.48, 2025,     4,  11,           15,          0, 0.0630228667038483, 0.0058561070831009,                  0,                 0,                0,         0.0,         0.0,     0.0           ,         3584.999 ,       0.0 ,                0
2025-04-15, Tuesday    , Baby Towel        , 27851,   898,            88,                 700,         3.86, 2025,     4,  15,           16,          0, 0.0322418497773948, 0.0031595576619273,                  0,                 0,                0,      3585.0,         0.0,     0.0           ,        27851.0   ,       0.0 ,                0
2025-04-20, Sunday     , Baby Towel        , 14666,   494,            51,                 700,         4.06, 2025,     4,  20,           16,          1, 0.0336810527033476, 0.0034771937001431,                  0,                 0,                0,     27851.0,         0.0,     0.0           ,        14666.0   ,       0.0 ,                0
2025-05-05, Monday     , Baby Towel        , 23959,  1358,           166,                 700,         7.05, 2025,     5,   5,           19,          0, 0.056677796327212 , 0.0069282136894824,                  0,                 0,                0,     14666.0,         0.0,     0.0           ,        23959.0   ,       0.01,                0
2025-05-13, Tuesday    , Baby Towel        ,  6931,   235,            24,                 700,         4.08, 2025,     5,  13,           20,          0, 0.0339007501442585, 0.0034622042700519,                  0,                 0,                0,     23959.0,         0.0,     0.0           ,         6931.001 ,       0.01,                0
2025-05-25, Sunday     , Baby Towel        , 44642,  2959,           546,                 700,         9.07, 2025,     5,  25,           21,          1, 0.0662813878995587, 0.0122303608628452,                  0,                 0,                0,      6931.0,         0.0,     0.0           ,        44642.0   ,       0.01,                0
2025-07-07, Monday     , Baby Towel        , 31222,  1477,           176,                 700,         5.86, 2025,     7,   7,           28,          0, 0.0473048714088972, 0.005636870255901 ,                  0,                 0,                0,     44642.0,         0.0, 21836.571428571428,        31222.0   ,       0.01,                0
2025-07-09, Wednesday  , Baby Towel        ,  4849,   208,            10,                 700,         4.7 , 2025,     7,   9,           28,          0, 0.0428865979381443, 0.002061855670103 ,                  0,                 0,                0,     31222.0,      3585.0, 22017.14285714286 ,         4848.9995,       0.0 ,                0
2025-07-10, Thursday   , Baby Towel        , 37257,  2051,           268,                 700,         6.94, 2025,     7,  10,           28,          0, 0.0550485801707015, 0.0071930860486338,                  0,                 0,                0,      4849.0,     27851.0, 23360.85714285714 ,        37257.008 ,       0.01,                0
2025-07-13, Sunday     , Baby Towel        , 20071,  1281,           174,                 700,         8.12, 2025,     7,  13,           28,          1, 0.0638202471104025, 0.0086687923475488,                  0,                 0,                0,     37257.0,     14666.0, 24133.0           ,        20071.0   ,       0.0 ,                0
2025-07-28, Monday     , Baby Towel        , 41954,  2075,           107,                 700,         5.46, 2025,     7,  28,           31,          0, 0.0494577523537123, 0.0025503515671552,                  0,                 0,                0,     20071.0,     23959.0, 26703.714285714286,        41954.0   ,       0.0 ,                0
2025-07-29, Tuesday    , Baby Towel        , 26466,   914,            89,                 700,         4.13, 2025,     7,  29,           31,          0, 0.0345335701061699, 0.0033626780519137,                  0,                 0,                0,     41954.0,      6931.0, 29494.42857142857 ,        26466.0   ,       0.0 ,                0
2025-07-31, Thursday   , Baby Towel        , 39259,  1822,           274,                 700,         6.04, 2025,     7,  31,           31,          0, 0.0464085583290881, 0.0069791136016301,                  0,                 0,                0,     26466.0,     44642.0, 28725.42857142857 ,        39259.0   ,       0.0 ,                0
2025-08-14, Thursday   , Baby Towel        , 27470,  1715,           277,                 700,         8.26, 2025,     8,  14,           33,          0, 0.0624294710785919, 0.0100833606348512,                  0,                 0,                0,     39259.0,     31222.0, 28189.42857142857 ,        27470.0   ,       0.0 ,                0
2025-09-18, Thursday   , Baby Towel        , 39660,  1481,           279,                 700,         5.14, 2025,     9,  18,           38,          0, 0.0373414689493457, 0.0070346183908625,                  0,                 0,                0,     27470.0,      4849.0, 33162.42857142857 ,        39660.0   ,       0.0 ,                0
2025-10-01, Wednesday  , Baby Towel        ,  6432,   282,            48,                 700,         5.88, 2025,    10,   1,           40,          0, 0.0438364682107881, 0.0074615265039639,                  0,                 0,                0,     39660.0,     37257.0, 28758.85714285714 ,         6431.9995,       0.0 ,                0
2025-10-07, Tuesday    , Baby Towel        , 41650,  2076,           136,                 700,         5.64, 2025,    10,   7,           41,          0, 0.0498427408705673, 0.0032652277256248,                  0,                 0,                0,      6432.0,     20071.0, 31841.571428571428,        41650.0   ,       0.0 ,                0
2025-10-18, Saturday   , Baby Towel        , 22119,  1655,           102,                 700,         8.4 , 2025,    10,  18,           42,          1, 0.0748191681735985, 0.0046112115732368,                  0,                 0,                0,     41650.0,     41954.0, 29008.0           ,        22119.0   ,       0.99,                1
2025-10-19, Sunday     , Baby Towel        ,  6324,   500,            33,                 700,         8.95, 2025,    10,  19,           42,          1, 0.0790513833992094, 0.0052173913043478,                  0,                 0,                0,     22119.0,     26466.0, 26130.571428571428,         6324.0   ,       1.0 ,                1
2025-10-21, Tuesday    , Baby Towel        ,  2117,    90,             6,                 700,         4.82, 2025,    10,  21,           43,          0, 0.0424929178470254, 0.0028328611898017,                  0,                 0,                0,      6324.0,     39259.0, 20824.571428571428,         2117.0002,       0.0 ,                0
2025-10-28, Tuesday    , Baby Towel        , 18644,   618,           122,                 700,         4.62, 2025,    10,  28,           44,          0, 0.0331456154465004, 0.0065433091981764,                  0,                 0,                0,      2117.0,     27470.0, 19563.714285714286,        18644.0   ,       0.0 ,                0
2025-10-29, Wednesday  , Baby Towel        ,  7287,   513,            45,                 700,         8.28, 2025,    10,  29,           44,          0, 0.0703896816684961, 0.0061745334796926,                  0,                 0,                0,     18644.0,     39660.0, 14939.0           ,         7286.9995,       0.98,                1
2025-11-01, Saturday   , Baby Towel        , 19988,  1429,           278,                 700,         9.93, 2025,    11,   1,           44,          1, 0.071489319125519 , 0.0139076492070638,                  0,                 0,                0,      7287.0,      6432.0, 16875.571428571428,        19988.0   ,       0.98,                1
2025-11-03, Monday     , Baby Towel        , 10162,   338,            54,                 700,         4.39, 2025,    11,   3,           45,          0, 0.0332578962904654, 0.0053133917150447,                  0,                 0,                0,     19988.0,     41650.0, 12377.285714285714,        10162.0   ,       0.0 ,                0
2025-11-20, Thursday   , Baby Towel        , 18478,  1107,           149,                 700,         7.6 , 2025,    11,  20,           47,          0, 0.0599058390605552, 0.0080632068834893,                  0,                 0,                0,     10162.0,     22119.0, 11857.142857142857,        18478.0   ,       0.02,                0
2025-11-21, Friday     , Baby Towel        , 36884,  2631,           510,                 700,         9.9 , 2025,    11,  21,           47,          0, 0.0713298088653924, 0.0138267588450589,                  0,                 0,                0,     18478.0,      6324.0, 16222.857142857143,        36884.0   ,       0.95,                1
2025-12-15, Monday     , Baby Towel        , 30865,  1750,           213,                 700,         7.05, 2025,    12,  15,           51,          0, 0.0566966889133674, 0.0069007969934555,                  0,                 0,                0,     36884.0,      2117.0, 20329.714285714286,        30865.0   ,       0.0 ,                0
2025-12-17, Wednesday  , Baby Towel        , 14342,  1108,           117,                 700,         9.36, 2025,    12,  17,           51,          0, 0.0772502265913686, 0.0081572892700271,                  0,                 0,                0,     30865.0,     18644.0, 19715.14285714286 ,        14341.999 ,       1.0 ,                1
2025-12-19, Friday     , Baby Towel        , 42411,  3053,           549,                 700,         9.79, 2025,    12,  19,           51,          0, 0.0719843440535697, 0.0129444496840516,                  0,                 0,                0,     14342.0,      7287.0, 24732.85714285714 ,        42411.0   ,       0.94,                1
2025-12-23, Tuesday    , Baby Towel        ,  9970,   420,            66,                 700,         5.54, 2025,    12,  23,           52,          0, 0.0421221542473172, 0.0066191956674355,                  0,                 0,                0,     42411.0,     19988.0, 23301.714285714286,         9970.001 ,       0.0 ,                0
2025-12-28, Sunday     , Baby Towel        , 10705,   808,           116,                 700,         9.72, 2025,    12,  28,           52,          1, 0.0754716981132075, 0.0108350457687278,                  0,                 0,                0,      9970.0,     10162.0, 23379.285714285717,        10705.0   ,       0.98,                1
2025-12-29, Monday     , Baby Towel        , 39609,  2822,           294,                 700,         8.61, 2025,    12,  29,            1,          0, 0.071244635193133 , 0.0074223680888664,                  0,                 0,                0,     10705.0,     18478.0, 26398.0           ,        39609.0   ,       0.98,                1
2026-01-01, Thursday   , Baby Towel        , 31975,  1141,           153,                 700,         4.53, 2026,     1,   1,            1,          0, 0.0356830122591943, 0.0047848386289717,                  0,                 0,                0,     39609.0,     36884.0, 25696.714285714286,        31975.0   ,       0.0 ,                0
2026-01-27, Tuesday    , Baby Towel        ,  3750,   248,            36,                 700,         8.53, 2026,     1,  27,            5,          0, 0.0661157024793388, 0.0095974406824846,                  0,                 0,                0,     31975.0,     30865.0, 21823.14285714286 ,         3750.0002,       0.0 ,                0
2026-02-06, Friday     , Baby Towel        ,  4983,   259,            28,                 700,         6.32, 2026,     2,   6,            6,          0, 0.0519662921348314, 0.0056179775280898,                  0,                 0,                0,      3750.0,     14342.0, 20486.14285714286 ,         4982.9995,       0.0 ,                0
2026-02-08, Sunday     , Baby Towel        ,  9564,   586,           107,                 700,         8.36, 2026,     2,   8,            6,          1, 0.0612650287506534, 0.011186617877679 ,                  0,                 0,                0,      4983.0,     42411.0, 15793.714285714286,         9564.0   ,       0.0 ,                0
2026-02-26, Thursday   , Baby Towel        , 10245,   803,           146,                 700,        10.69, 2026,     2,  26,            9,          0, 0.0783720476283427, 0.0142494632051532,                  0,                 0,                0,      9564.0,      9970.0, 15833.0           ,        10245.0   ,       0.98,                1
2026-03-07, Saturday   , Baby Towel        , 23754,  1571,           195,                 700,         8.26, 2026,     3,   7,           10,          1, 0.066133445590402 , 0.0082087981477583,                  0,                 0,                0,     10245.0,     10705.0, 17697.14285714286 ,        23754.0   ,       0.03,                0
2025-04-06, Sunday     , Feeding Bottle    ,  3267,   194,            11,                 800,         6.61, 2025,     4,   6,           14,          1, 0.0593635250917992, 0.0033659730722154,                  0,                 1,                0,         0.0,         0.0,     0.0           ,         3267.0   ,       0.01,                0
2025-04-07, Monday     , Feeding Bottle    , 32740,  1719,            89,                 800,         5.79, 2025,     4,   7,           15,          0, 0.0525029779175956, 0.0027183042668214,                  0,                 1,                0,      3267.0,         0.0,     0.0           ,        32740.0   ,       0.0 ,                0
2025-04-19, Saturday   , Feeding Bottle    ,  7258,   289,            45,                 800,         5.22, 2025,     4,  19,           16,          1, 0.0398126463700234, 0.0061992009918721,                  0,                 1,                0,     32740.0,         0.0,     0.0           ,         7258.0   ,       0.0 ,                0
2025-04-21, Monday     , Feeding Bottle    , 24662,  1788,           209,                 800,         8.94, 2025,     4,  21,           17,          0, 0.072497263106678 , 0.0084742326562056,                  0,                 1,                0,      7258.0,         0.0,     0.0           ,        29372.75  ,       0.98,                1
2025-05-03, Saturday   , Feeding Bottle    , 23976,  1100,            73,                 800,         5.2 , 2025,     5,   3,           18,          1, 0.0458772990782833, 0.0030445843933769,                  0,                 1,                0,     24662.0,         0.0,     0.0           ,        26707.111 ,       0.0 ,                0
2025-05-06, Tuesday    , Feeding Bottle    , 34562,  1502,           130,                 800,         5.1 , 2025,     5,   6,           19,          0, 0.0434568758498972, 0.0037612475768885,                  0,                 1,                0,     23976.0,         0.0,     0.0           ,        28918.07  ,       0.0 ,                0
2025-05-16, Friday     , Feeding Bottle    , 27184,  1020,           128,                 800,         4.69, 2025,     5,  16,           20,          0, 0.0375206915578444, 0.0047084789405922,                  0,                 1,                0,     34562.0,         0.0, 21949.85714285714 ,        15922.356 ,       0.0 ,                0
2025-05-27, Tuesday    , Feeding Bottle    , 44405,  2817,           386,                 800,         8.08, 2025,     5,  27,           22,          0, 0.0634373733279286, 0.00869251902896  ,                  0,                 1,                0,     27184.0,      3267.0, 27826.714285714286,        44576.477 ,       0.01,                0
2025-05-28, Wednesday  , Feeding Bottle    ,  4557,   350,            68,                 800,        10.66, 2025,     5,  28,           22,          0, 0.0767880649407635, 0.014918824045634 ,                  0,                 1,                0,     44405.0,     32740.0, 23800.571428571428,         5248.773 ,       0.98,                1
2025-06-03, Tuesday    , Feeding Bottle    , 16373,  1292,           158,                 800,         9.82, 2025,     6,   3,           23,          0, 0.078905582020276 , 0.0096494442408696,                  0,                 1,                0,      4557.0,      7258.0, 25102.714285714286,        26798.68  ,       0.99,                1
2025-06-04, Wednesday  , Feeding Bottle    , 21738,  1124,           115,                 800,         6.23, 2025,     6,   4,           23,          0, 0.0517043102258613, 0.0052900317401904,                  0,                 1,                0,     16373.0,     24662.0, 24685.0           ,        23718.531 ,       0.0 ,                0
2025-06-17, Tuesday    , Feeding Bottle    , 40754,  1744,           247,                 800,         5.49, 2025,     6,  17,           25,          0, 0.0427922954238743, 0.006060606060606 ,                  0,                 1,                0,     21738.0,     23976.0, 27081.85714285714 ,        33160.188 ,       0.0 ,                0
2025-06-22, Sunday     , Feeding Bottle    , 24677,  1469,            80,                 800,         6.6 , 2025,     6,  22,           25,          1, 0.0595267039468352, 0.0032417537887997,                  0,                 1,                0,     40754.0,     34562.0, 25669.714285714286,        25490.52  ,       0.0 ,                0
2025-07-02, Wednesday  , Feeding Bottle    , 47952,  3727,           598,                 800,        10.27, 2025,     7,   2,           27,          0, 0.0777219360623944, 0.0124705440744061,                  0,                 1,                0,     24677.0,     27184.0, 28636.571428571428,        46029.29  ,       0.97,                1
2025-07-16, Wednesday  , Feeding Bottle    , 26107,  1140,            93,                 800,         5.08, 2025,     7,  16,           29,          0, 0.0436647770798222, 0.0035621265512486,                  0,                 1,                0,     47952.0,     44405.0, 26022.571428571428,        30376.79  ,       0.0 ,                0
2025-07-21, Monday     , Feeding Bottle    ,  2412,    77,             8,                 800,         3.86, 2025,     7,  21,           30,          0, 0.0319104848736013, 0.0033153750518027,                  0,                 1,                0,     26107.0,      4557.0, 25716.14285714286 ,         2255.4573,       0.0 ,                0
2025-08-06, Wednesday  , Feeding Bottle    , 41081,  2047,           376,                 800,         6.81, 2025,     8,   6,           32,          0, 0.0498271749184557, 0.0091524268536098,                  0,                 1,                0,      2412.0,     16373.0, 29245.85714285714 ,        34970.516 ,       0.0 ,                0
2025-08-23, Saturday   , Feeding Bottle    , 23447,  1165,            76,                 800,         5.62, 2025,     8,  23,           34,          1, 0.0496844080518594, 0.0032412146025247,                  0,                 1,                0,     41081.0,     21738.0, 29490.0           ,        30977.93  ,       0.0 ,                0
2025-08-28, Thursday   , Feeding Bottle    , 47445,  3676,           583,                 800,        10.21, 2025,     8,  28,           35,          0, 0.0774775534291615, 0.0122876533322092,                  0,                 1,                0,     23447.0,     40754.0, 30445.85714285714 ,        41441.438 ,       0.96,                1
2025-08-30, Saturday   , Feeding Bottle    , 31548,  1206,           134,                 800,         4.67, 2025,     8,  30,           35,          1, 0.0382262512282481, 0.0042473612475831,                  0,                 1,                0,     47445.0,     24677.0, 31427.42857142857 ,        35490.07  ,       0.0 ,                0
2025-09-13, Saturday   , Feeding Bottle    , 14173,   924,            75,                 800,         7.58, 2025,     9,  13,           37,          1, 0.0651897841117539, 0.0052913785804995,                  0,                 1,                0,     31548.0,     47952.0, 26601.85714285714 ,        26470.117 ,       0.09,                0
2025-09-14, Sunday     , Feeding Bottle    , 15051,  1189,           167,                 800,        10.12, 2025,     9,  14,           37,          1, 0.0789928248737709, 0.0110948711134732,                  0,                 1,                0,     14173.0,     26107.0, 25022.42857142857 ,        28848.29  ,       0.96,                1
2025-10-10, Friday     , Feeding Bottle    ,  5596,   333,            50,                 800,         7.74, 2025,    10,  10,           41,          0, 0.059496158656423 , 0.008933357155619 ,                  0,                 1,                0,     15051.0,      2412.0, 25477.285714285717,         4854.0703,       0.01,                0
2025-10-11, Saturday   , Feeding Bottle    , 18616,  1022,            64,                 800,         6.18, 2025,    10,  11,           41,          1, 0.0548960627383574, 0.0034377182145351,                  0,                 1,                0,      5596.0,     41081.0, 22268.0           ,        21625.633 ,       0.0 ,                0
2025-10-22, Wednesday  , Feeding Bottle    ,  2846,   161,            19,                 800,         6.99, 2025,    10,  22,           43,          0, 0.0565507551808921, 0.0066736916051984,                  0,                 1,                0,     18616.0,     23447.0, 19325.0           ,         3875.2288,       0.0 ,                0
2025-10-27, Monday     , Feeding Bottle    , 49362,  1608,           161,                 800,         3.91, 2025,    10,  27,           44,          0, 0.0325750055709742, 0.0032615521747057,                  0,                 1,                0,      2846.0,     47445.0, 19598.85714285714 ,        38163.95  ,       0.0 ,                0
2025-10-30, Thursday   , Feeding Bottle    , 45336,  3083,           429,                 800,         8.69, 2025,    10,  30,           44,          0, 0.0680018527913183, 0.0094624699472836,                  0,                 1,                0,     49362.0,     31548.0, 21568.571428571428,        27369.207 ,       0.0 ,                0
2025-11-09, Sunday     , Feeding Bottle    ,  7984,   537,            67,                 800,         8.4 , 2025,    11,   9,           45,          1, 0.0672510958046336, 0.0083907326236693,                  0,                 1,                0,     45336.0,     14173.0, 20684.42857142857 ,         7943.3076,       0.01,                0
2025-11-25, Tuesday    , Feeding Bottle    , 29306,  2245,           302,                 800,         9.72, 2025,    11,  25,           48,          0, 0.0766028593851298, 0.010304705360494 ,                  0,                 1,                0,      7984.0,     15051.0, 22720.85714285714 ,        37525.953 ,       0.99,                1
2025-11-29, Saturday   , Feeding Bottle    , 38185,  2747,           188,                 800,         8.18, 2025,    11,  29,           48,          1, 0.0719373592416068, 0.00492327030849  ,                  0,                 1,                0,     29306.0,      5596.0, 27376.42857142857 ,        43323.945 ,       0.97,                1
2025-12-01, Monday     , Feeding Bottle    ,  4708,   230,            37,                 800,         6.46, 2025,    12,   1,           49,          0, 0.0488426417498407, 0.0078572945423656,                  0,                 1,                0,     38185.0,     18616.0, 25389.571428571428,         2680.1604,       0.0 ,                0
2025-12-05, Friday     , Feeding Bottle    , 43914,  2310,           164,                 800,         6.01, 2025,    12,   5,           49,          0, 0.0526016167596493, 0.0037344870773084,                  0,                 1,                0,      4708.0,      2846.0, 31256.42857142857 ,        44642.062 ,       0.01,                0
2025-12-16, Tuesday    , Feeding Bottle    , 40565,  2769,           181,                 800,         7.72, 2025,    12,  16,           51,          0, 0.06825913326431  , 0.004461864615688 ,                  0,                 1,                0,     43914.0,     49362.0, 29999.714285714286,        34713.984 ,       0.11,                0
2025-12-24, Wednesday  , Feeding Bottle    , 20922,  1634,           313,                 800,        10.8 , 2025,    12,  24,           52,          0, 0.0780958753524829, 0.0149596138221096,                  0,                 1,                0,     40565.0,     45336.0, 26512.0           ,        24538.95  ,       1.0 ,                1
2026-01-12, Monday     , Feeding Bottle    , 37796,  1857,           237,                 800,         6.17, 2026,     1,  12,            3,          0, 0.0491308834034447, 0.0062703389157869,                  0,                 1,                0,     20922.0,      7984.0, 30770.85714285714 ,        22172.104 ,       0.01,                0
2026-02-03, Tuesday    , Feeding Bottle    , 27510,  1451,           186,                 800,         6.63, 2026,     2,   3,            6,          0, 0.0527425393478972, 0.00676093199084  ,                  0,                 1,                0,     37796.0,     29306.0, 30514.285714285717,        23895.238 ,       0.0 ,                0
2026-02-09, Monday     , Feeding Bottle    , 11323,   471,            25,                 800,         4.6 , 2026,     2,   9,            7,          0, 0.0415930766513599, 0.0022077004592016,                  0,                 1,                0,     27510.0,     38185.0, 26676.85714285714 ,        11490.963 ,       0.0 ,                0
2026-02-23, Monday     , Feeding Bottle    , 17934,   744,           129,                 800,         5.59, 2026,     2,  23,            9,          0, 0.0414831335377753, 0.007192640089211 ,                  0,                 1,                0,     11323.0,      4708.0, 28566.285714285717,        10829.513 ,       0.02,                0
2026-02-24, Tuesday    , Feeding Bottle    , 13593,   439,            47,                 800,         3.92, 2026,     2,  24,            9,          0, 0.0322936589671914, 0.0034574076798587,                  0,                 1,                0,     17934.0,     43914.0, 24234.714285714286,         6761.0884,       0.01,                0
2026-02-27, Friday     , Feeding Bottle    , 20297,  1141,           101,                 800,         6.62, 2026,     2,  27,            9,          0, 0.0562124347226327, 0.0049758596906099,                  0,                 1,                0,     13593.0,     40565.0, 21339.285714285717,        20896.875 ,       0.0 ,                0
2026-03-13, Friday     , Feeding Bottle    , 33290,  2442,           381,                 800,         9.62, 2026,     3,  13,           11,          0, 0.0733531585113093, 0.0114445345588897,                  0,                 1,                0,     20297.0,     20922.0, 23106.14285714286 ,        31349.512 ,       0.95,                1
2026-03-21, Saturday   , Feeding Bottle    ,  9009,   555,            72,                 800,         7.76, 2026,     3,  21,           12,          1, 0.0615982241953385, 0.0079911209766925,                  0,                 1,                0,     33290.0,     37796.0, 18993.714285714286,         9107.1875,       0.0 ,                0
2025-06-09, Monday     , Teether           , 35828,  2737,           312,                 350,         9.38, 2025,     6,   9,           24,          0, 0.0763906332858857, 0.0087080298082558,                  0,                 0,                0,         0.0,         0.0,     0.0           ,        38991.97  ,       0.99,                1
2025-07-11, Friday     , Teether           ,  6611,   401,            76,                 350,         8.36, 2025,     7,  11,           28,          0, 0.0606473079249848, 0.0114942528735632,                  0,                 0,                0,     35828.0,         0.0,     0.0           ,         6586.634 ,       0.0 ,                0
2025-07-19, Saturday   , Teether           , 11817,   555,            49,                 350,         5.53, 2025,     7,  19,           29,          1, 0.0469622609578608, 0.0041462176341174,                  0,                 0,                0,      6611.0,         0.0,     0.0           ,         9712.565 ,       0.0 ,                0
2025-07-25, Friday     , Teether           , 46811,  2408,           391,                 350,         6.81, 2025,     7,  25,           30,          0, 0.0514398017602324, 0.0083525591728616,                  0,                 0,                0,     11817.0,         0.0,     0.0           ,        40352.61  ,       0.0 ,                0
2025-07-30, Wednesday  , Teether           , 34307,  2012,           291,                 350,         7.56, 2025,     7,  30,           31,          0, 0.0586452139442695, 0.0084819867086393,                  0,                 0,                0,     46811.0,         0.0,     0.0           ,        33771.35  ,       0.01,                0
2025-08-19, Tuesday    , Teether           , 13003,   438,            58,                 350,         4.26, 2025,     8,  19,           34,          0, 0.0336819440172254, 0.0044601661027376,                  0,                 0,                0,     34307.0,         0.0,     0.0           ,         8596.757 ,       0.01,                0
2025-08-21, Thursday   , Teether           , 44356,  2876,           309,                 350,         7.88, 2025,     8,  21,           34,          0, 0.0648375679148725, 0.0069662060103253,                  0,                 0,                0,     13003.0,         0.0, 27533.285714285717,        44820.33  ,       0.02,                0
2025-10-02, Thursday   , Teether           , 16178,   634,            51,                 350,         4.55, 2025,    10,   2,           40,          0, 0.039186599913468 , 0.0031522343778972,                  0,                 0,                0,     44356.0,     35828.0, 24726.14285714286 ,        11875.996 ,       0.0 ,                0
2025-11-07, Friday     , Teether           , 18984,  1402,           152,                 350,         8.99, 2025,    11,   7,           45,          0, 0.0738477745588622, 0.0080063207795628,                  0,                 0,                0,     16178.0,      6611.0, 26493.714285714286,        29495.992 ,       0.96,                1
2025-11-08, Saturday   , Teether           , 11510,   756,           139,                 350,         8.98, 2025,    11,   8,           45,          1, 0.0656763096168882, 0.0120754061332638,                  0,                 0,                0,     18984.0,     11817.0, 26449.85714285714 ,        14891.646 ,       0.01,                0
2025-11-18, Tuesday    , Teether           , 42631,  2349,           307,                 350,         6.95, 2025,    11,  18,           47,          0, 0.0550994558078438, 0.0072011634452993,                  0,                 0,                0,     11510.0,     46811.0, 25852.714285714286,        33860.008 ,       0.03,                0
2025-11-30, Sunday     , Teether           , 36622,  1668,           140,                 350,         5.32, 2025,    11,  30,           48,          1, 0.0455451492231657, 0.0038227343472681,                  0,                 0,                0,     42631.0,     34307.0, 26183.42857142857 ,        27356.902 ,       0.01,                0
2025-12-03, Wednesday  , Teether           , 36393,  2765,           281,                 350,         9.14, 2025,    12,   3,           49,          0, 0.0759740616585151, 0.0077210529208111,                  0,                 0,                0,     36622.0,     13003.0, 29524.85714285714 ,        41566.54  ,       0.99,                1
2025-12-07, Sunday     , Teether           , 48240,  2321,           318,                 350,         6.13, 2025,    12,   7,           49,          1, 0.0481126013142347, 0.0065919031529197,                  0,                 0,                0,     36393.0,     44356.0, 30079.714285714286,        41368.688 ,       0.0 ,                0
2025-12-21, Sunday     , Teether           , 10519,   370,            62,                 350,         4.7 , 2025,    12,  21,           51,          1, 0.0351711026615969, 0.005893536121673 ,                  0,                 0,                0,     48240.0,     16178.0, 29271.285714285717,        15435.277 ,       0.0 ,                0
2025-12-25, Thursday   , Teether           , 23389,  1044,           192,                 350,         6.11, 2025,    12,  25,           52,          0, 0.0446344591705857, 0.0082086361693031,                  0,                 0,                0,     10519.0,     18984.0, 29900.571428571428,        27033.049 ,       0.0 ,                0
2025-12-27, Saturday   , Teether           , 22079,   862,           118,                 350,         4.97, 2025,    12,  27,           52,          1, 0.0390398550724637, 0.0053442028985507,                  0,                 0,                0,     23389.0,     11510.0, 31410.42857142857 ,        24791.629 ,       0.0 ,                0
2025-12-30, Tuesday    , Teether           , 16596,   784,           130,                 350,         6.29, 2025,    12,  30,            1,          0, 0.0472374525516659, 0.0078327408567813,                  0,                 0,                0,     22079.0,     42631.0, 27691.14285714286 ,        14250.692 ,       0.0 ,                0
2026-01-07, Wednesday  , Teether           , 40243,  2209,           132,                 350,         6.15, 2026,     1,   7,            2,          0, 0.0548901699632243, 0.0032799920485041,                  0,                 0,                0,     16596.0,     36622.0, 28208.42857142857 ,        37786.58  ,       0.0 ,                0
2026-01-11, Sunday     , Teether           , 49924,  1935,           362,                 350,         5.33, 2026,     1,  11,            2,          1, 0.0387581372058087, 0.0072508763144717,                  0,                 0,                0,     40243.0,     36393.0, 30141.42857142857 ,        17089.598 ,       0.0 ,                0
2026-01-19, Monday     , Teether           , 47420,  1789,           256,                 350,         4.85, 2026,     1,  19,            4,          0, 0.0377259020265283, 0.005398452162544 ,                  0,                 0,                0,     49924.0,     48240.0, 30024.285714285717,        26493.299 ,       0.01,                0
2026-01-21, Wednesday  , Teether           , 36008,  2349,           328,                 350,         8.35, 2026,     1,  21,            4,          0, 0.0652336915771057, 0.0091088339026354,                  0,                 0,                0,     47420.0,     10519.0, 33665.57142857143 ,        42066.992 ,       0.0 ,                0
2026-02-05, Thursday   , Teether           , 32907,  1778,           324,                 350,         7.37, 2026,     2,   5,            6,          0, 0.054029415339735 , 0.0098456302418864,                  0,                 0,                0,     36008.0,     23389.0, 35025.28571428572 ,        23364.475 ,       0.0 ,                0
2026-02-07, Saturday   , Teether           , 30535,  1739,           293,                 350,         7.61, 2026,     2,   7,            6,          1, 0.0569491747445637, 0.0095952318574796,                  0,                 0,                0,     32907.0,     22079.0, 36233.28571428572 ,        23887.121 ,       0.0 ,                0
2026-02-11, Wednesday  , Teether           , 31969,  2460,           417,                 350,        10.3 , 2026,     2,  11,            7,          0, 0.0769471379418204, 0.0130434782608695,                  0,                 0,                0,     30535.0,     16596.0, 38429.42857142857 ,        40416.43  ,       0.99,                1
2026-02-15, Sunday     , Teether           , 14676,   977,            49,                 350,         7.32, 2026,     2,  15,            7,          1, 0.0665667370716086, 0.0033385569258022,                  0,                 0,                0,     31969.0,     40243.0, 34777.0           ,        27843.4   ,       0.05,                0
2026-02-16, Monday     , Teether           , 35933,  1611,           286,                 350,         6.08, 2026,     2,  16,            8,          0, 0.0448321923526465, 0.0079590360104636,                  0,                 0,                0,     14676.0,     49924.0, 32778.28571428572 ,        25996.82  ,       0.0 ,                0
2026-02-18, Wednesday  , Teether           , 26557,   856,            56,                 350,         3.64, 2026,     2,  18,            8,          0, 0.0322313427215904, 0.0021085925144965,                  0,                 0,                0,     35933.0,     47420.0, 29797.85714285714 ,        23852.8   ,       0.0 ,                0
2026-02-28, Saturday   , Teether           , 27425,  1777,           129,                 350,         7.42, 2026,     2,  28,            9,          1, 0.0647925326332677, 0.0047035659593086,                  0,                 0,                0,     26557.0,     36008.0, 28571.714285714286,        25916.004 ,       0.0 ,                0
2026-03-01, Sunday     , Teether           ,  9906,   408,            34,                 350,         4.81, 2026,     3,   1,            9,          1, 0.0411830019178358, 0.0034319168264863,                  0,                 0,                0,     27425.0,     32907.0, 25285.85714285714 ,         6127.2544,       0.0 ,                0
2026-03-06, Friday     , Teether           , 17585,   886,            93,                 350,         6.1 , 2026,     3,   6,           10,          0, 0.0503809848743318, 0.0052882975093824,                  0,                 0,                0,      9906.0,     30535.0, 23435.85714285714 ,        22315.84  ,       0.02,                0
2026-03-15, Sunday     , Teether           ,  4469,   176,            32,                 350,         5.37, 2026,     3,  15,           11,          1, 0.0393736017897091, 0.007158836689038 ,                  0,                 0,                0,     17585.0,     31969.0, 19507.285714285717,         1928.5911,       0.0 ,                0
2026-03-27, Friday     , Teether           , 11077,   523,            74,                 350,         6.06, 2026,     3,  27,           13,          0, 0.0472106878497923, 0.0066799061202383,                  0,                 0,                0,      4469.0,     14676.0, 18993.14285714286 ,         8754.561 ,       0.0 ,                0
2026-03-28, Saturday   , Teether           ,  4353,   346,            52,                 350,        10.34, 2026,     3,  28,           13,          1, 0.0794671566375746, 0.0119430408819476,                  0,                 0,                0,     11077.0,     35933.0, 14481.714285714286,         5811.2686,       1.0 ,                1
