date      , day_of_week, product           , views, likes, comments_count, estimated_price_ksh, demand_score, year, month, day, week_of_year, is_weekend, engagement_rate     , comment_rate         , category_ clothing, category_ feeding, category_ travel, lag_1_views, lag_7_views, rolling_mean_7
2025-03-29, Saturday   , Baby Bodysuit     , 17795,  1379,            220,                 900,        10.22, 2025,     3,  29,           13,          1, 0.07748932344347044 , 0.012362328613171499 , True              , False            , False           ,         0.0,         0.0,     0.0
2025-04-01, Tuesday    , Baby Bodysuit     ,  2769,   183,             34,                 900,         9.06, 2025,     4,   1,           14,          0, 0.06606498194945848 , 0.01227436823104693  , True              , False            , False           ,     17795.0,         0.0,     0.0
2025-04-04, Friday     , Baby Bodysuit     , 27658,  1382,             78,                 900,         5.56, 2025,     4,   4,           14,          0, 0.049965653132795836, 0.0028200585704472323, True              , False            , False           ,      2769.0,         0.0,     0.0
2025-04-14, Monday     , Baby Bodysuit     , 34606,  2633,            166,                 900,         8.57, 2025,     4,  14,           16,          0, 0.07608287340711417 , 0.004796717427110122 , True              , False            , False           ,     27658.0,         0.0,     0.0
2025-04-24, Thursday   , Baby Bodysuit     ,  7056,   346,             67,                 900,         6.8 , 2025,     4,  24,           17,          0, 0.04902933257758254 , 0.009494119314156156 , True              , False            , False           ,     34606.0,         0.0,     0.0
2025-04-26, Saturday   , Baby Bodysuit     ,  2206,   113,              6,                 900,         5.67, 2025,     4,  26,           17,          1, 0.05120072496601722 , 0.002718622564567286 , True              , False            , False           ,      7056.0,         0.0,     0.0
2025-04-27, Sunday     , Baby Bodysuit     , 43523,  2531,            390,                 900,         7.61, 2025,     4,  27,           17,          1, 0.05815182428085654 , 0.008960573476702509 , True              , False            , False           ,      2206.0,         0.0, 19373.285714285714
2025-05-02, Friday     , Baby Bodysuit     , 27939,  2085,            272,                 900,         9.41, 2025,     5,   2,           18,          0, 0.07462419470293485 , 0.00973514674302076  , True              , False            , False           ,     43523.0,     17795.0, 20822.428571428572
2025-05-21, Wednesday  , Baby Bodysuit     , 49025,  3737,            678,                 900,        10.39, 2025,     5,  21,           21,          0, 0.07622486027821972 , 0.013829396646677273 , True              , False            , False           ,     27939.0,      2769.0, 27430.428571428572
2025-05-22, Thursday   , Baby Bodysuit     , 18646,  1174,            202,                 900,         8.46, 2025,     5,  22,           21,          0, 0.06295918914570708 , 0.010832841743980266 , True              , False            , False           ,     49025.0,     27658.0, 26143.0
2025-05-29, Thursday   , Baby Bodysuit     , 48975,  2217,            272,                 900,         5.64, 2025,     5,  29,           22,          0, 0.04526706958510291 , 0.00555374060764456  , True              , False            , False           ,     18646.0,     34606.0, 28195.714285714286
2025-06-10, Tuesday    , Baby Bodysuit     ,  2699,   196,             18,                 900,         8.6 , 2025,     6,  10,           24,          0, 0.0725925925925926  , 0.006666666666666667 , True              , False            , False           ,     48975.0,      7056.0, 27573.285714285714
2025-06-14, Saturday   , Baby Bodysuit     , 20070,   742,             94,                 900,         4.63, 2025,     6,  14,           24,          1, 0.036968760898809225, 0.004683374022221115 , True              , False            , False           ,      2699.0,      2206.0, 30125.285714285714
2025-06-15, Sunday     , Baby Bodysuit     , 47017,  3151,            486,                 900,         8.77, 2025,     6,  15,           24,          1, 0.06701688714960229 , 0.010336466885022757 , True              , False            , False           ,     20070.0,     43523.0, 30624.428571428572
2025-06-23, Monday     , Baby Bodysuit     , 31749,  1805,            178,                 900,         6.81, 2025,     6,  23,           26,          0, 0.0568503937007874  , 0.005606299212598425 , True              , False            , False           ,     47017.0,     27939.0, 31168.714285714286
2025-06-30, Monday     , Baby Bodysuit     ,  3150,   204,             22,                 900,         7.87, 2025,     6,  30,           27,          0, 0.06474135195176134 , 0.006981910504601714 , True              , False            , False           ,     31749.0,     49025.0, 24615.14285714286
2025-07-08, Tuesday    , Baby Bodysuit     , 28646,   928,            178,                 900,         4.48, 2025,     7,   8,           28,          0, 0.03239431703145181 , 0.006213565120256921 , True              , False            , False           ,      3150.0,     18646.0, 26043.714285714286
2025-07-12, Saturday   , Baby Bodysuit     , 31168,  2286,            332,                 900,         9.46, 2025,     7,  12,           28,          1, 0.07334210273027687 , 0.01065160897045141  , True              , False            , False           ,     28646.0,     48975.0, 23499.85714285714
2025-07-14, Monday     , Baby Bodysuit     ,  6000,   423,             73,                 900,         9.48, 2025,     7,  14,           29,          0, 0.070488251958007   , 0.012164639226795533 , True              , False            , False           ,     31168.0,      2699.0, 23971.428571428572
2025-07-20, Sunday     , Baby Bodysuit     ,  5267,   340,             34,                 900,         7.75, 2025,     7,  20,           29,          1, 0.06454062262718299 , 0.006454062262718299 , True              , False            , False           ,      6000.0,     20070.0, 21856.714285714286
2025-07-23, Wednesday  , Baby Bodysuit     , 19506,   987,            104,                 900,         6.13, 2025,     7,  23,           30,          0, 0.0505972215102271  , 0.005331419490439329 , True              , False            , False           ,      5267.0,     47017.0, 17926.571428571428
2025-08-11, Monday     , Baby Bodysuit     , 28790,  1474,            274,                 900,         7.02, 2025,     8,  11,           33,          0, 0.05119655447883019 , 0.00951686290854781  , True              , False            , False           ,     19506.0,     31749.0, 17503.85714285714
2025-08-20, Wednesday  , Baby Bodysuit     , 46472,  2609,            376,                 900,         7.23, 2025,     8,  20,           34,          0, 0.05614012437329202 , 0.008090719342413875 , True              , False            , False           ,     28790.0,      3150.0, 23692.714285714286
2025-08-22, Friday     , Baby Bodysuit     , 26504,  2008,            389,                 900,        10.51, 2025,     8,  22,           34,          0, 0.07575929069986795 , 0.014676476136578005 , True              , False            , False           ,     46472.0,     28646.0, 23386.714285714286
2025-08-25, Monday     , Baby Bodysuit     , 35307,  1196,            234,                 900,         4.71, 2025,     8,  25,           35,          0, 0.033873343151693665, 0.0066273932253313695, True              , False            , False           ,     26504.0,     31168.0, 23978.0
2025-08-31, Sunday     , Baby Bodysuit     , 36961,  2933,            212,                 900,         9.08, 2025,     8,  31,           35,          1, 0.07935176667929225 , 0.005735620366863265 , True              , False            , False           ,     35307.0,      6000.0, 28401.0
2025-09-02, Tuesday    , Baby Bodysuit     , 23168,  1666,            200,                 900,         8.92, 2025,     9,   2,           36,          0, 0.0719064266908369  , 0.008632224092537442 , True              , False            , False           ,     36961.0,      5267.0, 30958.285714285714
2025-09-08, Monday     , Baby Bodysuit     , 23949,  1770,            289,                 900,         9.8 , 2025,     9,   8,           37,          0, 0.07390396659707725 , 0.012066805845511482 , True              , False            , False           ,     23168.0,     19506.0, 31593.0
2025-09-15, Monday     , Baby Bodysuit     ,  8941,   516,             32,                 900,         6.49, 2025,     9,  15,           38,          0, 0.05770521136211138 , 0.0035786177588906284, True              , False            , False           ,     23949.0,     28790.0, 28757.428571428572
2025-10-24, Friday     , Baby Bodysuit     , 28386,  1134,            181,                 900,         5.27, 2025,    10,  24,           43,          0, 0.03994786345862543 , 0.006376158100538979 , True              , False            , False           ,      8941.0,     46472.0, 26173.714285714286
2025-10-26, Sunday     , Baby Bodysuit     ,  3917,   147,             17,                 900,         4.62, 2025,    10,  26,           43,          1, 0.03751914241960184 , 0.004338948443083206 , True              , False            , False           ,     28386.0,     26504.0, 22947.0
2025-11-12, Wednesday  , Baby Bodysuit     , 29202,  1792,            179,                 900,         7.36, 2025,    11,  12,           46,          0, 0.061363558538506315, 0.006129507242406602 , True              , False            , False           ,      3917.0,     35307.0, 22074.85714285714
2025-11-23, Sunday     , Baby Bodysuit     , 12541,   761,            142,                 900,         8.33, 2025,    11,  23,           47,          1, 0.06067612820921703 , 0.011321958220379525 , True              , False            , False           ,     29202.0,     36961.0, 18586.285714285714
2025-11-27, Thursday   , Baby Bodysuit     , 22530,  1505,            286,                 900,         9.22, 2025,    11,  27,           48,          0, 0.06679685766277572 , 0.012693622120633793 , True              , False            , False           ,     12541.0,     23168.0, 18495.14285714286
2025-12-14, Sunday     , Baby Bodysuit     , 25570,   851,            141,                 900,         4.43, 2025,    12,  14,           50,          1, 0.033279887372414066, 0.005514058894841813 , True              , False            , False           ,     22530.0,     23949.0, 18726.714285714286
2026-01-02, Friday     , Baby Bodysuit     , 22607,   884,            108,                 900,         4.87, 2026,     1,   2,            1,          0, 0.03910120311394197 , 0.004777070063694267 , True              , False            , False           ,     25570.0,      8941.0, 20679.0
2026-01-14, Wednesday  , Baby Bodysuit     , 13555,   929,             55,                 900,         7.67, 2026,     1,  14,            3,          0, 0.06853053998229566 , 0.004057244024786072 , True              , False            , False           ,     22607.0,     28386.0, 18560.285714285714
2026-01-25, Sunday     , Baby Bodysuit     , 38408,  2008,            156,                 900,         6.04, 2026,     1,  25,            4,          1, 0.05227941367908563 , 0.004061548074669999 , True              , False            , False           ,     13555.0,      3917.0, 23487.571428571428
2026-01-28, Wednesday  , Baby Bodysuit     , 17896,  1345,            197,                 900,         9.72, 2026,     1,  28,            5,          0, 0.0751522601553333  , 0.011007431413085992 , True              , False            , False           ,     38408.0,     29202.0, 21872.428571428572
2026-01-29, Thursday   , Baby Bodysuit     , 27064,  2089,            116,                 900,         8.58, 2026,     1,  29,            5,          0, 0.07718455569924257 , 0.004285978200628118 , True              , False            , False           ,     17896.0,     12541.0, 23947.14285714286
2026-02-14, Saturday   , Baby Bodysuit     , 12616,   863,             97,                 900,         8.38, 2026,     2,  14,            7,          1, 0.06839977807719744 , 0.007688039946104462 , True              , False            , False           ,     27064.0,     22530.0, 22530.85714285714
2026-02-25, Wednesday  , Baby Bodysuit     , 29376,  2287,            397,                 900,        10.49, 2026,     2,  25,            9,          0, 0.07785001872212956 , 0.013513973516696736 , True              , False            , False           ,     12616.0,     25570.0, 23074.571428571428
2026-03-02, Monday     , Baby Bodysuit     , 39443,  2327,            148,                 900,         6.65, 2026,     3,   2,           10,          0, 0.05899503092992597 , 0.003752154953858635 , True              , False            , False           ,     29376.0,     22607.0, 25479.714285714286
2026-03-11, Wednesday  , Baby Bodysuit     ,  8183,   476,             42,                 900,         6.84, 2026,     3,  11,           11,          0, 0.05816226783968719 , 0.005131964809384164 , True              , False            , False           ,     39443.0,     13555.0, 24712.285714285714
2026-03-17, Tuesday    , Baby Bodysuit     , 42329,  3005,            253,                 900,         8.29, 2026,     3,  17,           12,          0, 0.07098984171982047 , 0.005976848570753602 , True              , False            , False           ,      8183.0,     38408.0, 25272.428571428572
2026-03-25, Wednesday  , Baby Bodysuit     ,  9059,   583,             35,                 900,         7.21, 2026,     3,  25,           13,          0, 0.06434878587196469 , 0.003863134657836645 , True              , False            , False           ,     42329.0,     17896.0, 24010.0
2025-04-16, Wednesday  , Baby Car Seat     , 26300,  1145,            199,               25000,         5.87, 2025,     4,  16,           16,          0, 0.04353446637009999 , 0.007566252233755371 , False             , False            , True            ,         0.0,         0.0,     0.0
2025-04-29, Tuesday    , Baby Car Seat     , 35827,  2763,            386,               25000,         9.87, 2025,     4,  29,           18,          0, 0.0771184548397901  , 0.010773696550184213 , False             , False            , True            ,     26300.0,         0.0,     0.0
2025-04-30, Wednesday  , Baby Car Seat     , 24299,  1858,            318,               25000,        10.26, 2025,     4,  30,           18,          0, 0.07646090534979424 , 0.01308641975308642  , False             , False            , True            ,     35827.0,         0.0,     0.0
2025-05-07, Wednesday  , Baby Car Seat     , 32303,  1870,            206,               25000,         7.06, 2025,     5,   7,           19,          0, 0.0578875681030213  , 0.006376919266963843 , False             , False            , True            ,     24299.0,         0.0,     0.0
2025-05-09, Friday     , Baby Car Seat     , 46417,  3045,            219,               25000,         7.5 , 2025,     5,   9,           19,          0, 0.06559955189797062 , 0.004717997328622517 , False             , False            , True            ,     32303.0,         0.0,     0.0
2025-05-19, Monday     , Baby Car Seat     ,  4911,   170,             32,               25000,         4.76, 2025,     5,  19,           21,          0, 0.03460912052117264 , 0.006514657980456026 , False             , False            , True            ,     46417.0,         0.0,     0.0
2025-05-30, Friday     , Baby Car Seat     , 48760,  1891,             99,               25000,         4.28, 2025,     5,  30,           22,          0, 0.03878099300670618 , 0.0020303111092881605, False             , False            , True            ,      4911.0,         0.0, 31259.571428571428
2025-06-21, Saturday   , Baby Car Seat     , 35621,  1653,            121,               25000,         5.32, 2025,     6,  21,           25,          1, 0.04640390769749032 , 0.0033967772724720676, False             , False            , True            ,     48760.0,     26300.0, 32591.14285714286
2025-06-25, Wednesday  , Baby Car Seat     , 23699,  1708,            135,               25000,         8.35, 2025,     6,  25,           26,          0, 0.0720675105485232  , 0.00569620253164557  , False             , False            , True            ,     35621.0,     35827.0, 30858.571428571428
2025-07-01, Tuesday    , Baby Car Seat     , 48175,  2768,            435,               25000,         7.55, 2025,     7,   1,           27,          0, 0.05745599468615078 , 0.009029392228495517 , False             , False            , True            ,     23699.0,     24299.0, 34269.42857142857
2025-08-04, Monday     , Baby Car Seat     , 39614,  1471,            241,               25000,         4.93, 2025,     8,   4,           32,          0, 0.03713239934368295 , 0.006083554209264167 , False             , False            , True            ,     48175.0,     32303.0, 35313.857142857145
2025-08-16, Saturday   , Baby Car Seat     , 25960,  1906,            159,               25000,         8.57, 2025,     8,  16,           33,          1, 0.07341781903624668 , 0.006124571472593506 , False             , False            , True            ,     39614.0,     46417.0, 32391.428571428572
2025-08-26, Tuesday    , Baby Car Seat     , 49605,  1568,            144,               25000,         3.74, 2025,     8,  26,           35,          0, 0.03160907954682901 , 0.002902874652259807 , False             , False            , True            ,     25960.0,      4911.0, 38776.28571428572
2025-09-05, Friday     , Baby Car Seat     , 17106,   988,            163,               25000,         7.68, 2025,     9,   5,           36,          0, 0.0577541357339101  , 0.009528263284035774 , False             , False            , True            ,     49605.0,     48760.0, 34254.28571428572
2025-09-17, Wednesday  , Baby Car Seat     ,  6637,   405,             72,               25000,         8.27, 2025,     9,  17,           38,          0, 0.06101235311840916 , 0.01084664055438385  , False             , False            , True            ,     17106.0,     35621.0, 30113.714285714286
2025-09-20, Saturday   , Baby Car Seat     , 16388,   776,             63,               25000,         5.5 , 2025,     9,  20,           38,          1, 0.047348831533345535, 0.003844041735310269 , False             , False            , True            ,      6637.0,     23699.0, 29069.285714285714
2025-09-21, Sunday     , Baby Car Seat     , 14015,   659,             86,               25000,         5.93, 2025,     9,  21,           38,          1, 0.04701769406392694 , 0.006135844748858447 , False             , False            , True            ,     16388.0,     48175.0, 24189.285714285714
2025-09-23, Tuesday    , Baby Car Seat     , 26071,  1016,            156,               25000,         5.09, 2025,     9,  23,           39,          0, 0.038969008898435104, 0.005983430500153421 , False             , False            , True            ,     14015.0,     39614.0, 22254.571428571428
2025-09-28, Sunday     , Baby Car Seat     , 29693,  1431,            179,               25000,         6.02, 2025,     9,  28,           39,          1, 0.04819155384926248 , 0.006028153835791743 , False             , False            , True            ,     26071.0,     25960.0, 22787.85714285714
2025-10-04, Saturday   , Baby Car Seat     , 18748,   620,             44,               25000,         3.78, 2025,    10,   4,           40,          1, 0.03306843031628354 , 0.0023467918288975413, False             , False            , True            ,     29693.0,     49605.0, 18379.714285714286
2025-10-17, Friday     , Baby Car Seat     , 13613,   535,             49,               25000,         4.65, 2025,    10,  17,           42,          0, 0.03929778169531365 , 0.003599236080505362 , False             , False            , True            ,     18748.0,     17106.0, 17880.714285714286
2025-10-23, Thursday   , Baby Car Seat     , 34043,  1370,            267,               25000,         5.59, 2025,    10,  23,           43,          0, 0.04024203971331219 , 0.007842791681353543 , False             , False            , True            ,     13613.0,      6637.0, 21795.85714285714
2025-12-10, Wednesday  , Baby Car Seat     , 26917,   922,            183,               25000,         4.79, 2025,    12,  10,           50,          0, 0.03425217326695891 , 0.006798424845828071 , False             , False            , True            ,     34043.0,     16388.0, 23300.0
2025-12-22, Monday     , Baby Car Seat     , 41986,  2629,            225,               25000,         7.33, 2025,    12,  22,           52,          0, 0.06261461881058422 , 0.0053588015338080835, False             , False            , True            ,     26917.0,     14015.0, 27295.85714285714
2026-01-06, Tuesday    , Baby Car Seat     , 18458,  1312,            169,               25000,         8.94, 2026,     1,   6,            2,          0, 0.07107643967712227 , 0.009155425537678098 , False             , False            , True            ,     41986.0,     26071.0, 26208.285714285714
2026-01-08, Thursday   , Baby Car Seat     , 33896,  1859,            293,               25000,         7.21, 2026,     1,   8,            2,          0, 0.05484261144054046 , 0.008643832787562322 , False             , False            , True            ,     18458.0,     29693.0, 26808.714285714286
2026-01-13, Tuesday    , Baby Car Seat     , 37835,  2948,            228,               25000,         9.0 , 2026,     1,  13,            3,          0, 0.07791521302463263 , 0.0060260069774817635, False             , False            , True            ,     33896.0,     18748.0, 29535.428571428572
2026-01-22, Thursday   , Baby Car Seat     , 15350,   518,             31,               25000,         3.78, 2026,     1,  22,            4,          0, 0.0337437300501596  , 0.0020194124161292426, False             , False            , True            ,     37835.0,     13613.0, 29783.571428571428
2026-02-01, Sunday     , Baby Car Seat     , 26070,  1169,            220,               25000,         6.17, 2026,     2,   1,            5,          1, 0.04483909324536842 , 0.00843849487936788  , False             , False            , True            ,     15350.0,     34043.0, 28644.571428571428
2026-02-02, Monday     , Baby Car Seat     , 43786,  3380,            409,               25000,         9.59, 2026,     2,   2,            6,          0, 0.07719186059789435 , 0.009340671888916801 , False             , False            , True            ,     26070.0,     26917.0, 31054.428571428572
2026-02-13, Friday     , Baby Car Seat     , 10436,   563,             77,               25000,         6.87, 2026,     2,  13,            7,          0, 0.05394270384210022 , 0.007377598926894702 , False             , False            , True            ,     43786.0,     41986.0, 26547.285714285714
2026-02-17, Tuesday    , Baby Car Seat     , 49037,  2915,            266,               25000,         7.03, 2026,     2,  17,            8,          0, 0.05944369672498878 , 0.005424364778335169 , False             , False            , True            ,     10436.0,     18458.0, 30915.714285714286
2026-03-08, Sunday     , Baby Car Seat     , 42996,  1763,            268,               25000,         5.35, 2026,     3,   8,           10,          1, 0.041002860664697535, 0.006232992999511594 , False             , False            , True            ,     49037.0,     33896.0, 32215.714285714286
2026-03-12, Thursday   , Baby Car Seat     , 22695,  1585,            235,               25000,         9.05, 2026,     3,  12,           11,          0, 0.0698360944659852  , 0.01035424744448361  , False             , False            , True            ,     42996.0,     37835.0, 30052.85714285714
2026-03-19, Thursday   , Baby Car Seat     , 28588,  1227,             96,               25000,         4.96, 2026,     3,  19,           12,          0, 0.0429186050578894  , 0.003357934870054916 , False             , False            , True            ,     22695.0,     15350.0, 31944.0
2025-03-31, Monday     , Baby Carrier      , 46131,  1713,            252,                2800,         4.81, 2025,     3,  31,           14,          0, 0.037132576086014044, 0.005462585623861961 , False             , False            , True            ,         0.0,         0.0,     0.0
2025-04-05, Saturday   , Baby Carrier      ,  2189,    75,             10,                2800,         4.34, 2025,     4,   5,           14,          1, 0.03424657534246575 , 0.0045662100456621   , False             , False            , True            ,     46131.0,         0.0,     0.0
2025-04-08, Tuesday    , Baby Carrier      , 45323,  2636,            284,                2800,         7.07, 2025,     4,   8,           15,          0, 0.05815903274203513 , 0.0062659959403406585, False             , False            , True            ,      2189.0,         0.0,     0.0
2025-04-13, Sunday     , Baby Carrier      ,  8873,   465,             50,                2800,         6.37, 2025,     4,  13,           15,          1, 0.05240027045300879 , 0.005634437683119224 , False             , False            , True            ,     45323.0,         0.0,     0.0
2025-04-25, Friday     , Baby Carrier      , 19412,  1127,            186,                2800,         7.72, 2025,     4,  25,           17,          0, 0.05805388141966723 , 0.009581208468552002 , False             , False            , True            ,      8873.0,         0.0,     0.0
2025-05-01, Thursday   , Baby Carrier      , 46020,  3385,            577,                2800,         9.86, 2025,     5,   1,           18,          0, 0.07355337780578432 , 0.012537754503378892 , False             , False            , True            ,     19412.0,         0.0,     0.0
2025-05-08, Thursday   , Baby Carrier      , 48576,  2073,            180,                2800,         5.01, 2025,     5,   8,           19,          0, 0.04267451674660848 , 0.0037054573151903162, False             , False            , True            ,     46020.0,         0.0, 30932.0
2025-05-11, Sunday     , Baby Carrier      , 26548,  1254,            182,                2800,         6.09, 2025,     5,  11,           19,          1, 0.04723341745451806 , 0.006855248785264982 , False             , False            , True            ,     48576.0,     46131.0, 28134.428571428572
2025-05-12, Monday     , Baby Carrier      , 23556,  1283,            253,                2800,         7.59, 2025,     5,  12,           20,          0, 0.05446364138048138 , 0.010739907458504902 , False             , False            , True            ,     26548.0,      2189.0, 31186.85714285714
2025-06-19, Thursday   , Baby Carrier      ,  6495,   211,             38,                2800,         4.42, 2025,     6,  19,           25,          0, 0.03248152709359606 , 0.005849753694581281 , False             , False            , True            ,     23556.0,     45323.0, 25640.0
2025-06-24, Tuesday    , Baby Carrier      , 21508,   937,            182,                2800,         6.05, 2025,     6,  24,           26,          0, 0.043563159607606115, 0.008461574224743132 , False             , False            , True            ,      6495.0,      8873.0, 27445.0
2025-07-04, Friday     , Baby Carrier      ,  3679,   139,              9,                2800,         4.27, 2025,     7,   4,           27,          0, 0.03777173913043478 , 0.0024456521739130437, False             , False            , True            ,     21508.0,     19412.0, 25197.428571428572
2025-07-06, Sunday     , Baby Carrier      , 31124,  1671,            108,                2800,         6.06, 2025,     7,   6,           27,          1, 0.053686746987951804, 0.003469879518072289 , False             , False            , True            ,      3679.0,     46020.0, 23069.428571428572
2025-07-15, Tuesday    , Baby Carrier      , 42770,  3037,            448,                2800,         9.2 , 2025,     7,  15,           29,          0, 0.07100605550489818 , 0.01047438685090365  , False             , False            , True            ,     31124.0,     48576.0, 22240.0
2025-07-26, Saturday   , Baby Carrier      ,  4914,   172,             31,                2800,         4.76, 2025,     7,  26,           30,          1, 0.03499491353001017 , 0.006307222787385555 , False             , False            , True            ,     42770.0,     26548.0, 19149.428571428572
2025-08-10, Sunday     , Baby Carrier      , 25803,   881,            146,                2800,         4.55, 2025,     8,  10,           32,          1, 0.03414199348938149 , 0.005658037513563788 , False             , False            , True            ,      4914.0,     23556.0, 19470.428571428572
2025-09-22, Monday     , Baby Carrier      , 42118,  2494,            274,                2800,         7.22, 2025,     9,  22,           39,          0, 0.05921318169947055 , 0.006505377620551295 , False             , False            , True            ,     25803.0,      6495.0, 24559.428571428572
2025-09-25, Thursday   , Baby Carrier      , 30732,  1217,             68,                2800,         4.4 , 2025,     9,  25,           39,          0, 0.03959912797318843 , 0.0022126053427911365, False             , False            , True            ,     42118.0,     21508.0, 25877.14285714286
2025-09-29, Monday     , Baby Carrier      , 18282,   584,             99,                2800,         4.28, 2025,     9,  29,           40,          0, 0.03194224142646174 , 0.005414866269211836 , False             , False            , True            ,     30732.0,      3679.0, 27963.285714285714
2025-10-03, Friday     , Baby Carrier      , 10717,   652,             68,                2800,         7.35, 2025,    10,   3,           40,          0, 0.06083224482179511 , 0.006344467251352864 , False             , False            , True            ,     18282.0,     31124.0, 25048.0
2025-10-05, Sunday     , Baby Carrier      ,  7126,   458,             80,                2800,         8.67, 2025,    10,   5,           40,          1, 0.06426266311210888 , 0.01122491932089238  , False             , False            , True            ,     10717.0,     42770.0, 19956.0
2025-10-31, Friday     , Baby Carrier      , 34293,  1734,            177,                2800,         6.09, 2025,    10,  31,           44,          0, 0.05056278066134018 , 0.005161252697264827 , False             , False            , True            ,      7126.0,      4914.0, 24153.0
2025-11-05, Wednesday  , Baby Carrier      , 32523,  1241,             92,                2800,         4.38, 2025,    11,   5,           45,          0, 0.03815643832246956 , 0.0028286803591194196, False             , False            , True            ,     34293.0,     25803.0, 25113.0
2025-11-14, Friday     , Baby Carrier      , 35187,  2810,            457,                2800,        10.58, 2025,    11,  14,           46,          0, 0.07985676935318858 , 0.012987382062066614 , False             , False            , True            ,     32523.0,     42118.0, 24122.85714285714
2025-11-16, Sunday     , Baby Carrier      , 34265,  1874,            305,                2800,         7.25, 2025,    11,  16,           46,          1, 0.0546897799568085  , 0.00890095138037705  , False             , False            , True            ,     35187.0,     30732.0, 24627.571428571428
2025-11-24, Monday     , Baby Carrier      , 46241,  2800,            147,                2800,         6.69, 2025,    11,  24,           48,          0, 0.060551014229488345, 0.003178928247048138 , False             , False            , True            ,     34265.0,     18282.0, 28621.714285714286
2025-12-04, Thursday   , Baby Carrier      , 10666,   713,             84,                2800,         8.26, 2025,    12,   4,           49,          0, 0.06684166119808756 , 0.007874753913940189 , False             , False            , True            ,     46241.0,     10717.0, 28614.428571428572
2025-12-06, Saturday   , Baby Carrier      , 47080,  2585,            291,                2800,         6.73, 2025,    12,   6,           49,          1, 0.05490537584163463 , 0.006180837280431597 , False             , False            , True            ,     10666.0,      7126.0, 34322.142857142855
2025-12-12, Friday     , Baby Carrier      ,  4482,   181,             33,                2800,         5.51, 2025,    12,  12,           50,          0, 0.04037474905197413 , 0.0073611420923488735, False             , False            , True            ,     47080.0,     34293.0, 30063.428571428572
2025-12-18, Thursday   , Baby Carrier      , 12093,   681,            115,                2800,         7.53, 2025,    12,  18,           51,          0, 0.056308913510831816, 0.009508847362328427 , False             , False            , True            ,      4482.0,     32523.0, 27144.85714285714
2026-01-16, Friday     , Baby Carrier      , 30769,  1533,            296,                2800,         6.91, 2026,     1,  16,            3,          0, 0.04982125446863828 , 0.00961975950601235  , False             , False            , True            ,     12093.0,     35187.0, 26513.714285714286
2026-01-18, Sunday     , Baby Carrier      ,  3762,   271,             47,                2800,         9.7 , 2026,     1,  18,            3,          1, 0.07201700770661706 , 0.012490034546904066 , False             , False            , True            ,     30769.0,     34265.0, 22156.14285714286
2026-02-20, Friday     , Baby Carrier      , 43898,  2608,            514,                2800,         8.28, 2026,     2,  20,            8,          0, 0.05940909815713342 , 0.01170869495888289  , False             , False            , True            ,      3762.0,     46241.0, 21821.428571428572
2026-03-03, Tuesday    , Baby Carrier      , 48007,  2077,            144,                2800,         4.93, 2026,     3,   3,           10,          0, 0.04326362272954508 , 0.002999500083319447 , False             , False            , True            ,     43898.0,     10666.0, 27155.85714285714
2026-03-04, Wednesday  , Baby Carrier      , 19602,  1524,            273,                2800,        10.56, 2026,     3,   4,           10,          0, 0.07774320257103505 , 0.013926439830638168 , False             , False            , True            ,     48007.0,     47080.0, 23230.428571428572
2026-03-14, Saturday   , Baby Carrier      , 34088,  2607,            171,                2800,         8.65, 2026,     3,  14,           11,          1, 0.07647628267182963 , 0.005016280911731057 , False             , False            , True            ,     19602.0,      4482.0, 27459.85714285714
2025-04-02, Wednesday  , Baby Feeding Chair,  7311,   582,             83,               16000,        10.23, 2025,     4,   2,           14,          0, 0.07959518599562364 , 0.011351203501094092 , False             , True             , False           ,         0.0,         0.0,     0.0
2025-04-09, Wednesday  , Baby Feeding Chair,  4612,   191,             16,               16000,         4.84, 2025,     4,   9,           15,          0, 0.04140472577498374 , 0.0034684587036635595, False             , True             , False           ,      7311.0,         0.0,     0.0
2025-04-17, Thursday   , Baby Feeding Chair, 23243,  1402,            128,               16000,         7.13, 2025,     4,  17,           16,          0, 0.06031664085355361 , 0.005506797453106178 , False             , True             , False           ,      4612.0,         0.0,     0.0
2025-04-22, Tuesday    , Baby Feeding Chair, 25599,  1242,            186,               16000,         6.3 , 2025,     4,  22,           17,          0, 0.048515625         , 0.007265625          , False             , True             , False           ,     23243.0,         0.0,     0.0
2025-04-23, Wednesday  , Baby Feeding Chair, 32818,  1954,            178,               16000,         7.04, 2025,     4,  23,           17,          0, 0.059538681861117035, 0.005423687498095615 , False             , True             , False           ,     25599.0,         0.0,     0.0
2025-05-17, Saturday   , Baby Feeding Chair, 17708,  1291,            127,               16000,         8.72, 2025,     5,  17,           20,          1, 0.07290078491162685 , 0.007171494720198769 , False             , True             , False           ,     32818.0,         0.0,     0.0
2025-05-18, Sunday     , Baby Feeding Chair,  8546,   560,             95,               16000,         8.78, 2025,     5,  18,           20,          1, 0.06552006552006552 , 0.011115011115011115 , False             , True             , False           ,     17708.0,         0.0, 17119.571428571428
2025-05-24, Saturday   , Baby Feeding Chair, 31855,  1964,            198,               16000,         7.41, 2025,     5,  24,           21,          1, 0.06165243596182823 , 0.006215469613259668 , False             , True             , False           ,      8546.0,      7311.0, 20625.85714285714
2025-05-26, Monday     , Baby Feeding Chair, 14183,  1028,            195,               16000,        10.0 , 2025,     5,  26,           22,          0, 0.0724760293288212  , 0.013747884940778343 , False             , True             , False           ,     31855.0,      4612.0, 21993.14285714286
2025-06-08, Sunday     , Baby Feeding Chair, 19453,  1473,            155,               16000,         9.17, 2025,     6,   8,           23,          1, 0.07571707617970597 , 0.007967513107844146 , False             , True             , False           ,     14183.0,     23243.0, 21451.714285714286
2025-06-13, Friday     , Baby Feeding Chair, 36663,  1228,             99,               16000,         3.89, 2025,     6,  13,           24,          0, 0.033493344970543314, 0.0027001963779183943, False             , True             , False           ,     19453.0,     25599.0, 23032.285714285714
2025-06-26, Thursday   , Baby Feeding Chair,  6142,   399,             28,               16000,         7.41, 2025,     6,  26,           26,          0, 0.06495197786097998 , 0.004558033534103858 , False             , True             , False           ,     36663.0,     32818.0, 19221.428571428572
2025-06-27, Friday     , Baby Feeding Chair, 39233,  2189,            215,               16000,         6.68, 2025,     6,  27,           26,          0, 0.05579344446143651 , 0.005479940867614824 , False             , True             , False           ,      6142.0,     17708.0, 22296.428571428572
2025-07-05, Saturday   , Baby Feeding Chair, 11435,   369,             20,               16000,         3.58, 2025,     7,   5,           27,          1, 0.03226652675760756 , 0.0017488632388947185, False             , True             , False           ,     39233.0,      8546.0, 22709.14285714286
2025-08-09, Saturday   , Baby Feeding Chair, 42262,  3351,            546,               16000,        10.51, 2025,     8,   9,           32,          1, 0.0792892127865982  , 0.012919101814826207 , False             , True             , False           ,     11435.0,     31855.0, 24195.85714285714
2025-08-12, Tuesday    , Baby Feeding Chair, 17485,   955,             49,               16000,         6.02, 2025,     8,  12,           33,          0, 0.054615120667962945, 0.0028022417934347476, False             , True             , False           ,     42262.0,     14183.0, 24667.571428571428
2025-08-13, Wednesday  , Baby Feeding Chair,  5709,   187,             12,               16000,         3.7 , 2025,     8,  13,           33,          0, 0.03274956217162872 , 0.0021015761821366026, False             , True             , False           ,     17485.0,     19453.0, 22704.14285714286
2025-08-29, Friday     , Baby Feeding Chair, 12136,   617,            117,               16000,         7.01, 2025,     8,  29,           35,          0, 0.05083628573782648 , 0.0096399439729752   , False             , True             , False           ,      5709.0,     36663.0, 19200.285714285714
2025-09-04, Thursday   , Baby Feeding Chair, 14763,  1042,            208,               16000,         9.88, 2025,     9,   4,           36,          0, 0.07057707938228122 , 0.014088322947710648 , False             , True             , False           ,     12136.0,      6142.0, 20431.85714285714
2025-09-24, Wednesday  , Baby Feeding Chair, 20271,  1088,            163,               16000,         6.98, 2025,     9,  24,           39,          0, 0.05367008681925809 , 0.008040647198105762 , False             , True             , False           ,     14763.0,     39233.0, 17723.0
2025-10-14, Tuesday    , Baby Feeding Chair, 21123,  1315,            178,               16000,         7.91, 2025,    10,  14,           42,          0, 0.06225146752508995 , 0.008426434387426624 , False             , True             , False           ,     20271.0,     11435.0, 19107.0
2025-10-16, Thursday   , Baby Feeding Chair, 29285,  1208,            126,               16000,         4.99, 2025,    10,  16,           42,          0, 0.04124837806460425 , 0.0043023970497848806, False             , True             , False           ,     21123.0,     42262.0, 17253.14285714286
2025-10-25, Saturday   , Baby Feeding Chair,  4048,   245,             22,               16000,         7.14, 2025,    10,  25,           43,          1, 0.06050876759693752 , 0.005433440355643368 , False             , True             , False           ,     29285.0,     17485.0, 15333.57142857143
2025-11-02, Sunday     , Baby Feeding Chair,  3908,   260,             49,               16000,         9.16, 2025,    11,   2,           44,          1, 0.0665131747249936  , 0.01253517523663341  , False             , True             , False           ,      4048.0,      5709.0, 15076.285714285714
2025-11-06, Thursday   , Baby Feeding Chair, 21282,  1346,            172,               16000,         7.94, 2025,    11,   6,           45,          0, 0.06324296386787577 , 0.008081567448198093 , False             , True             , False           ,      3908.0,     12136.0, 16382.857142857143
2025-11-17, Monday     , Baby Feeding Chair, 25710,  1258,            149,               16000,         6.05, 2025,    11,  17,           47,          0, 0.04892847419392478 , 0.005795184940297927 , False             , True             , False           ,     21282.0,     14763.0, 17946.714285714286
2025-11-19, Wednesday  , Baby Feeding Chair, 16382,   826,            136,               16000,         6.7 , 2025,    11,  19,           47,          0, 0.05041811634010865 , 0.008301287920405298 , False             , True             , False           ,     25710.0,     20271.0, 17391.14285714286
2025-12-20, Saturday   , Baby Feeding Chair, 47368,  1946,            164,               16000,         4.8 , 2025,    12,  20,           51,          1, 0.04108172011230974 , 0.003462179906690029 , False             , True             , False           ,     16382.0,     21123.0, 21140.428571428572
2025-12-31, Wednesday  , Baby Feeding Chair,  9083,   372,             72,               16000,         5.68, 2025,    12,  31,            1,          0, 0.04095112285336856 , 0.007926023778071334 , False             , True             , False           ,     47368.0,     29285.0, 18254.428571428572
2026-01-17, Saturday   , Baby Feeding Chair, 25863,  1053,             57,               16000,         4.51, 2026,     1,  17,            3,          1, 0.040712960098979276, 0.002203835446953294 , False             , True             , False           ,      9083.0,      4048.0, 21370.85714285714
2026-01-20, Tuesday    , Baby Feeding Chair,  3524,   166,             17,               16000,         5.68, 2026,     1,  20,            4,          0, 0.04709219858156028 , 0.004822695035460993 , False             , True             , False           ,     25863.0,      3908.0, 21316.0
2026-01-23, Friday     , Baby Feeding Chair, 43131,  3380,            171,               16000,         8.63, 2026,     1,  23,            4,          0, 0.07836409162570714 , 0.003964573866270982 , False             , True             , False           ,      3524.0,     21282.0, 24437.285714285714
2026-01-30, Friday     , Baby Feeding Chair, 31711,  2418,            186,               16000,         8.8 , 2026,     1,  30,            5,          0, 0.07624873864783048 , 0.005865287588294652 , False             , True             , False           ,     43131.0,     25710.0, 25294.571428571428
2026-01-31, Saturday   , Baby Feeding Chair, 21541,  1632,             89,               16000,         8.4 , 2026,     1,  31,            5,          1, 0.07575898245288273 , 0.0041314641166094145, False             , True             , False           ,     31711.0,     16382.0, 26031.571428571428
2026-02-10, Tuesday    , Baby Feeding Chair,  2545,    79,             14,               16000,         4.2 , 2026,     2,  10,            7,          0, 0.031029065200314218, 0.0054988216810683424, False             , True             , False           ,     21541.0,     47368.0, 19628.285714285714
2026-02-12, Thursday   , Baby Feeding Chair, 43773,  2080,            343,               16000,         6.32, 2026,     2,  12,            7,          0, 0.04751679078905286 , 0.007835701558002468 , False             , True             , False           ,      2545.0,      9083.0, 24584.0
2026-03-05, Thursday   , Baby Feeding Chair, 48542,  3046,            403,               16000,         7.94, 2026,     3,   5,           10,          0, 0.0627484910285726  , 0.008301917887233999 , False             , True             , False           ,     43773.0,     25863.0, 27823.85714285714
2026-03-16, Monday     , Baby Feeding Chair, 11017,   586,            106,               16000,         7.24, 2026,     3,  16,           12,          0, 0.053185696133599566, 0.009620620802323471 , False             , True             , False           ,     48542.0,      3524.0, 28894.285714285714
2026-03-26, Thursday   , Baby Feeding Chair, 49295,  3224,            193,               16000,         7.32, 2026,     3,  26,           13,          0, 0.06540084388185655 , 0.003915124959428757 , False             , True             , False           ,     11017.0,     43131.0, 29774.85714285714
2025-05-04, Sunday     , Baby Mittens Set  ,  8776,   622,            111,                 500,         9.62, 2025,     5,   4,           18,          1, 0.0708670388515438  , 0.012646690213056854 , True              , False            , False           ,         0.0,         0.0,     0.0
2025-05-14, Wednesday  , Baby Mittens Set  , 27342,  1918,            231,                 500,         8.7 , 2025,     5,  14,           20,          0, 0.07014592400248693 , 0.008448231722927257 , True              , False            , False           ,      8776.0,         0.0,     0.0
2025-05-15, Thursday   , Baby Mittens Set  ,  2197,   109,             18,                 500,         6.6 , 2025,     5,  15,           20,          0, 0.049590536851683346, 0.00818926296633303  , True              , False            , False           ,     27342.0,         0.0,     0.0
2025-05-20, Tuesday    , Baby Mittens Set  , 37153,  2670,            404,                 500,         9.36, 2025,     5,  20,           21,          0, 0.07186305646767509 , 0.010873660978629488 , True              , False            , False           ,      2197.0,         0.0,     0.0
2025-05-23, Friday     , Baby Mittens Set  ,  4049,   323,             62,                 500,        11.04, 2025,     5,  23,           21,          0, 0.07975308641975308 , 0.015308641975308642 , True              , False            , False           ,     37153.0,         0.0,     0.0
2025-06-01, Sunday     , Baby Mittens Set  , 35986,  2262,            305,                 500,         7.98, 2025,     6,   1,           22,          1, 0.06285603134465223 , 0.008475282740989801 , True              , False            , False           ,      4049.0,         0.0,     0.0
2025-06-06, Friday     , Baby Mittens Set  , 11007,   484,             25,                 500,         4.85, 2025,     6,   6,           23,          0, 0.043968023255813955, 0.002271075581395349 , True              , False            , False           ,     35986.0,         0.0, 18072.85714285714
2025-06-07, Saturday   , Baby Mittens Set  , 42447,  1649,            315,                 500,         5.37, 2025,     6,   7,           23,          1, 0.03884753109687147 , 0.007420844327176781 , True              , False            , False           ,     11007.0,      8776.0, 22883.0
2025-06-16, Monday     , Baby Mittens Set  , 14533,   697,             65,                 500,         5.69, 2025,     6,  16,           25,          0, 0.047956515756157975, 0.004472271914132379 , True              , False            , False           ,     42447.0,     27342.0, 21053.14285714286
2025-07-17, Thursday   , Baby Mittens Set  , 14161,   452,             64,                 500,         4.1 , 2025,     7,  17,           29,          0, 0.03191639598926705 , 0.00451913571529445  , True              , False            , False           ,     14533.0,      2197.0, 22762.285714285714
2025-07-18, Friday     , Baby Mittens Set  , 29472,  1850,            199,                 500,         7.63, 2025,     7,  18,           29,          0, 0.0627693142876531  , 0.00675194245580701  , True              , False            , False           ,     14161.0,     37153.0, 21665.0
2025-07-24, Thursday   , Baby Mittens Set  , 36911,  1736,            329,                 500,         6.49, 2025,     7,  24,           30,          0, 0.047030775899436494, 0.00891309059384482  , True              , False            , False           ,     29472.0,      4049.0, 26359.571428571428
2025-08-01, Friday     , Baby Mittens Set  ,  3167,   220,             14,                 500,         7.83, 2025,     8,   1,           31,          0, 0.06944444444444445 , 0.004419191919191919 , True              , False            , False           ,     36911.0,     35986.0, 21671.14285714286
2025-08-08, Friday     , Baby Mittens Set  , 15807,  1156,            210,                 500,         9.97, 2025,     8,   8,           32,          0, 0.07312753036437247 , 0.013284412955465588 , True              , False            , False           ,      3167.0,     11007.0, 22356.85714285714
2025-08-18, Monday     , Baby Mittens Set  , 39678,  2958,            382,                 500,         9.38, 2025,     8,  18,           34,          0, 0.07454824970387358 , 0.009627258751480633 , True              , False            , False           ,     15807.0,     42447.0, 21961.285714285714
2025-08-24, Sunday     , Baby Mittens Set  , 11337,   446,             53,                 500,         4.87, 2025,     8,  24,           34,          1, 0.03933674369377315 , 0.0046745457752690065, True              , False            , False           ,     39678.0,     14533.0, 21504.714285714286
2025-08-27, Wednesday  , Baby Mittens Set  , 37547,  1635,            114,                 500,         4.96, 2025,     8,  27,           35,          0, 0.04354426334292106 , 0.003036113774368808 , True              , False            , False           ,     11337.0,     14161.0, 24845.571428571428
2025-09-11, Thursday   , Baby Mittens Set  , 10427,   605,            109,                 500,         7.89, 2025,     9,  11,           37,          0, 0.0580168776371308  , 0.010452627541235136 , True              , False            , False           ,     37547.0,     29472.0, 22124.85714285714
2025-09-12, Friday     , Baby Mittens Set  , 21198,   666,            108,                 500,         4.16, 2025,     9,  12,           37,          0, 0.03141657625359687 , 0.005094579933015708 , True              , False            , False           ,     10427.0,     36911.0, 19880.14285714286
2025-09-16, Tuesday    , Baby Mittens Set  , 19715,  1131,            133,                 500,         7.09, 2025,     9,  16,           38,          0, 0.05736457699330493 , 0.006745790221140191 , True              , False            , False           ,     21198.0,      3167.0, 22244.14285714286
2025-09-26, Friday     , Baby Mittens Set  , 23969,  1052,             80,                 500,         5.06, 2025,     9,  26,           39,          0, 0.043888193575302464, 0.003337505214851898 , True              , False            , False           ,     19715.0,     15807.0, 23410.14285714286
2025-09-30, Tuesday    , Baby Mittens Set  , 45221,  1541,            278,                 500,         4.64, 2025,     9,  30,           40,          0, 0.034076334527442395, 0.0061474503560214055, True              , False            , False           ,     23969.0,     39678.0, 24202.0
2025-11-10, Monday     , Baby Mittens Set  ,  4192,   314,             33,                 500,         9.06, 2025,    11,  10,           46,          0, 0.07488671595516337 , 0.007870259957071309 , True              , False            , False           ,     45221.0,     11337.0, 23181.285714285714
2025-11-22, Saturday   , Baby Mittens Set  , 12789,   529,             60,                 500,         5.07, 2025,    11,  22,           47,          1, 0.04136043784206411 , 0.004691164972634871 , True              , False            , False           ,      4192.0,     37547.0, 19644.428571428572
2025-11-28, Friday     , Baby Mittens Set  , 49882,  2620,            175,                 500,         5.95, 2025,    11,  28,           48,          0, 0.05252290359441092 , 0.003508209209550348 , True              , False            , False           ,     12789.0,     10427.0, 25280.85714285714
2025-12-02, Tuesday    , Baby Mittens Set  , 41224,  1246,            124,                 500,         3.62, 2025,    12,   2,           49,          0, 0.030224378411158277, 0.003007883565797453 , True              , False            , False           ,     49882.0,     21198.0, 28141.714285714286
2025-12-11, Thursday   , Baby Mittens Set  , 22806,  1363,             81,                 500,         6.69, 2025,    12,  11,           50,          0, 0.05976235366334897 , 0.003551541193493226 , True              , False            , False           ,     41224.0,     19715.0, 28583.285714285714
2025-12-13, Saturday   , Baby Mittens Set  , 29952,   953,            115,                 500,         3.95, 2025,    12,  13,           50,          1, 0.03181651253630688 , 0.0038393483123560245, True              , False            , False           ,     22806.0,     23969.0, 29438.0
2026-01-03, Saturday   , Baby Mittens Set  ,  4573,   306,             47,                 500,         8.75, 2026,     1,   3,            1,          1, 0.06689986882378662 , 0.010275470048097944 , True              , False            , False           ,     29952.0,     45221.0, 23631.14285714286
2026-01-04, Sunday     , Baby Mittens Set  , 25752,   951,            166,                 500,         4.98, 2026,     1,   4,            1,          1, 0.036927736574379685, 0.006445850968819167 , True              , False            , False           ,      4573.0,      4192.0, 26711.14285714286
2026-01-24, Saturday   , Baby Mittens Set  , 28212,   975,            182,                 500,         4.75, 2026,     1,  24,            4,          1, 0.03455853684471698 , 0.006450926877680502 , True              , False            , False           ,     25752.0,     12789.0, 28914.428571428572
2026-02-19, Thursday   , Baby Mittens Set  , 11155,   456,             87,                 500,         5.65, 2026,     2,  19,            8,          0, 0.04087486554320545 , 0.00779849408390104  , True              , False            , False           ,     28212.0,     49882.0, 23382.0
2026-03-24, Tuesday    , Baby Mittens Set  , 37150,  2845,            185,                 500,         8.65, 2026,     3,  24,           13,          0, 0.07657936529299346 , 0.004979677532233318 , True              , False            , False           ,     11155.0,     41224.0, 22800.0
2025-04-03, Thursday   , Baby Romper       , 30693,   931,             49,                1200,         3.35, 2025,     4,   3,           14,          0, 0.030331660910927215, 0.0015964032058382745, True              , False            , False           ,         0.0,         0.0,     0.0
2025-04-10, Thursday   , Baby Romper       , 19159,   607,            113,                1200,         4.35, 2025,     4,  10,           15,          0, 0.03168058455114822 , 0.0058977035490605425, True              , False            , False           ,     30693.0,         0.0,     0.0
2025-04-18, Friday     , Baby Romper       , 42774,  2188,            239,                1200,         6.23, 2025,     4,  18,           16,          0, 0.05115137346580947 , 0.0055873758036236116, True              , False            , False           ,     19159.0,         0.0,     0.0
2025-06-02, Monday     , Baby Romper       , 43914,  2124,            190,                1200,         5.7 , 2025,     6,   2,           23,          0, 0.04836616190367756 , 0.004326539906637823 , True              , False            , False           ,     42774.0,         0.0,     0.0
2025-06-12, Thursday   , Baby Romper       , 36584,  1819,            321,                1200,         6.73, 2025,     6,  12,           24,          0, 0.04971983053163865 , 0.00877408774087741  , True              , False            , False           ,     43914.0,         0.0,     0.0
2025-06-28, Saturday   , Baby Romper       , 10311,   448,             51,                1200,         5.33, 2025,     6,  28,           26,          1, 0.04344453064391001 , 0.004945694336695112 , True              , False            , False           ,     36584.0,         0.0,     0.0
2025-06-29, Sunday     , Baby Romper       , 27945,   873,            169,                1200,         4.33, 2025,     6,  29,           26,          1, 0.031238817719888356, 0.006047377084377013 , True              , False            , False           ,     10311.0,         0.0, 30197.14285714286
2025-07-22, Tuesday    , Baby Romper       , 46425,  2375,            321,                1200,         6.5 , 2025,     7,  22,           30,          0, 0.05115667944686167 , 0.006914229095765304 , True              , False            , False           ,     27945.0,     30693.0, 32444.571428571428
2025-07-27, Sunday     , Baby Romper       , 43555,  3106,            304,                1200,         8.53, 2025,     7,  27,           30,          1, 0.07131049683166499 , 0.00697952061713656  , True              , False            , False           ,     46425.0,     19159.0, 35929.71428571428
2025-08-03, Sunday     , Baby Romper       , 25714,  1912,            196,                1200,         8.96, 2025,     8,   3,           31,          1, 0.0743534901808283  , 0.007622010499708342 , True              , False            , False           ,     43555.0,     42774.0, 33492.57142857143
2025-08-05, Tuesday    , Baby Romper       ,  9056,   317,             19,                1200,         3.92, 2025,     8,   5,           32,          0, 0.03500055205918074 , 0.002097824886827868 , True              , False            , False           ,     25714.0,     43914.0, 28512.85714285714
2025-08-07, Thursday   , Baby Romper       , 19924,  1109,             94,                1200,         6.51, 2025,     8,   7,           32,          0, 0.055658720200752826, 0.004717691342534505 , True              , False            , False           ,      9056.0,     36584.0, 26132.85714285714
2025-09-10, Wednesday  , Baby Romper       , 45125,  3229,            310,                1200,         8.53, 2025,     9,  10,           37,          0, 0.07155520099277578 , 0.006869653858086248 , True              , False            , False           ,     19924.0,     10311.0, 31106.285714285714
2025-09-19, Friday     , Baby Romper       , 21963,   731,             41,                1200,         3.7 , 2025,     9,  19,           38,          0, 0.033281733746130034, 0.0018666909488253506, True              , False            , False           ,     45125.0,     27945.0, 30251.714285714286
2025-09-27, Saturday   , Baby Romper       , 41749,  1504,            179,                1200,         4.46, 2025,     9,  27,           39,          1, 0.03602395209580838 , 0.004287425149700599 , True              , False            , False           ,     21963.0,     46425.0, 29583.714285714286
2025-10-06, Monday     , Baby Romper       , 40638,  1281,            230,                1200,         4.28, 2025,    10,   6,           41,          0, 0.03152144491744383 , 0.005659588080415365 , True              , False            , False           ,     41749.0,     43555.0, 29167.0
2025-10-12, Sunday     , Baby Romper       , 28069,  1665,            269,                1200,         7.85, 2025,    10,  12,           41,          1, 0.05931599572497328 , 0.009583184894905594 , True              , False            , False           ,     40638.0,     25714.0, 29503.428571428572
2025-10-15, Wednesday  , Baby Romper       , 12554,   995,            140,                1200,        10.16, 2025,    10,  15,           42,          0, 0.07925129430505774 , 0.011150935882118677 , True              , False            , False           ,     28069.0,      9056.0, 30003.14285714286
2025-11-15, Saturday   , Baby Romper       , 34154,  2295,            126,                1200,         7.46, 2025,    11,  15,           46,          1, 0.06719367588932806 , 0.003689064558629776 , True              , False            , False           ,     12554.0,     19924.0, 32036.0
2025-11-26, Wednesday  , Baby Romper       , 40727,  2548,            422,                1200,         8.33, 2025,    11,  26,           48,          0, 0.06256138283244941 , 0.010361422117462188 , True              , False            , False           ,     34154.0,     45125.0, 31407.714285714286
2026-01-15, Thursday   , Baby Romper       , 26063,  1974,            312,                1200,         9.97, 2026,     1,  15,            3,          0, 0.0757366482504604  , 0.011970534069981584 , True              , False            , False           ,     40727.0,     21963.0, 31993.428571428572
2026-02-04, Wednesday  , Baby Romper       , 23776,  1486,            155,                1200,         7.55, 2026,     2,   4,            6,          0, 0.062497371409345165, 0.00651890482398957  , True              , False            , False           ,     26063.0,     41749.0, 29425.85714285714
2026-03-23, Monday     , Baby Romper       , 23736,  1854,            187,                1200,         9.39, 2026,     3,  23,           13,          0, 0.07810591060369887 , 0.007877996376964232 , True              , False            , False           ,     23776.0,     40638.0, 27011.285714285714
2025-03-30, Sunday     , Baby Stroller     ,  8265,   312,             18,               32000,         4.21, 2025,     3,  30,           13,          1, 0.03774497943382531 , 0.0021775949673360755, False             , False            , True            ,         0.0,         0.0,     0.0
2025-04-12, Saturday   , Baby Stroller     , 45573,  2612,            203,               32000,         6.62, 2025,     4,  12,           15,          1, 0.05731338043621363 , 0.004454294115065607 , False             , False            , True            ,      8265.0,         0.0,     0.0
2025-04-28, Monday     , Baby Stroller     , 42342,  2549,            333,               32000,         7.59, 2025,     4,  28,           18,          0, 0.060198852230593014, 0.0078643459367546   , False             , False            , True            ,     45573.0,         0.0,     0.0
2025-05-10, Saturday   , Baby Stroller     , 28736,  2265,            252,               32000,         9.64, 2025,     5,  10,           19,          1, 0.07881824825138324 , 0.008769182586908864 , False             , False            , True            ,     42342.0,         0.0,     0.0
2025-05-31, Saturday   , Baby Stroller     , 27876,  1085,            113,               32000,         4.7 , 2025,     5,  31,           22,          1, 0.038920974279872296, 0.004053520823618036 , False             , False            , True            ,     28736.0,         0.0,     0.0
2025-06-05, Thursday   , Baby Stroller     , 41790,  2282,            180,               32000,         6.32, 2025,     6,   5,           23,          0, 0.05460505850541983 , 0.00430714747194372  , False             , False            , True            ,     27876.0,         0.0,     0.0
2025-06-11, Wednesday  , Baby Stroller     , 37743,  2738,            267,               32000,         8.67, 2025,     6,  11,           24,          0, 0.07254133107248835 , 0.007073972022043238 , False             , False            , True            ,     41790.0,         0.0, 33189.28571428572
2025-06-18, Wednesday  , Baby Stroller     , 26376,  1619,            128,               32000,         7.11, 2025,     6,  18,           25,          0, 0.061379231906585285, 0.004852712590514463 , False             , False            , True            ,     37743.0,      8265.0, 35776.57142857143
2025-06-20, Friday     , Baby Stroller     , 15403,   907,            105,               32000,         7.25, 2025,     6,  20,           25,          0, 0.058880810179174244, 0.006816411321734614 , False             , False            , True            ,     26376.0,     45573.0, 31466.571428571428
2025-07-03, Thursday   , Baby Stroller     , 49893,  3317,            189,               32000,         7.41, 2025,     7,   3,           27,          0, 0.0664809395919349  , 0.0037880306249248406, False             , False            , True            ,     15403.0,     42342.0, 32545.285714285714
2025-08-02, Saturday   , Baby Stroller     , 23689,   778,            103,               32000,         4.15, 2025,     8,   2,           31,          1, 0.03284086112283664 , 0.004347826086956522 , False             , False            , True            ,     49893.0,     28736.0, 31824.285714285714
2025-08-15, Friday     , Baby Stroller     , 16683,  1303,            138,               32000,         9.46, 2025,     8,  15,           33,          0, 0.0780987772716375  , 0.008271397746343803 , False             , False            , True            ,     23689.0,     27876.0, 30225.285714285714
2025-08-17, Sunday     , Baby Stroller     ,  4105,   125,             24,               32000,         4.21, 2025,     8,  17,           33,          1, 0.03044325377496347 , 0.0058451047247929854, False             , False            , True            ,     16683.0,     41790.0, 24841.714285714286
2025-09-01, Monday     , Baby Stroller     , 25833,  1266,            247,               32000,         6.81, 2025,     9,   1,           36,          0, 0.049005186962917086, 0.009561043585971976 , False             , False            , True            ,      4105.0,     37743.0, 23140.285714285714
2025-09-03, Wednesday  , Baby Stroller     , 10702,   467,             27,               32000,         4.87, 2025,     9,   3,           36,          0, 0.04363262636643932 , 0.002522657198916192 , False             , False            , True            ,     25833.0,     26376.0, 20901.14285714286
2025-09-06, Saturday   , Baby Stroller     ,  6809,   493,             42,               32000,         8.47, 2025,     9,   6,           36,          1, 0.0723935389133627  , 0.006167400881057269 , False             , False            , True            ,     10702.0,     15403.0, 19673.428571428572
2025-09-07, Sunday     , Baby Stroller     , 40765,  1735,            158,               32000,         5.03, 2025,     9,   7,           36,          1, 0.042559976450964036, 0.0038757788353039296, False             , False            , True            ,      6809.0,     49893.0, 18369.428571428572
2025-09-09, Tuesday    , Baby Stroller     , 38187,  1658,             88,               32000,         4.8 , 2025,     9,   9,           37,          0, 0.04341678014035823 , 0.0023043888132397612, False             , False            , True            ,     40765.0,     23689.0, 20440.571428571428
2025-10-08, Wednesday  , Baby Stroller     , 12267,   380,             37,               32000,         3.7 , 2025,    10,   8,           41,          0, 0.030974894033257254, 0.003015976524290838 , False             , False            , True            ,     38187.0,     16683.0, 19809.714285714286
2025-10-09, Thursday   , Baby Stroller     ,  8229,   381,             25,               32000,         5.24, 2025,    10,   9,           41,          0, 0.04629404617253949 , 0.003037667071688943 , False             , False            , True            ,     12267.0,      4105.0, 20398.85714285714
2025-10-13, Monday     , Baby Stroller     , 25275,   919,             85,               32000,         4.31, 2025,    10,  13,           42,          0, 0.036358601044469065, 0.003362873872448172 , False             , False            , True            ,      8229.0,     25833.0, 20319.14285714286
2025-10-20, Monday     , Baby Stroller     , 43427,  3407,            612,               32000,        10.66, 2025,    10,  20,           43,          0, 0.07845169015381781 , 0.014092290688035369 , False             , False            , True            ,     25275.0,     10702.0, 24994.14285714286
2025-11-04, Tuesday    , Baby Stroller     ,  7951,   549,             95,               32000,         9.29, 2025,    11,   4,           45,          0, 0.06903923541247485 , 0.011946680080482898 , False             , False            , True            ,     43427.0,      6809.0, 25157.285714285714
2025-11-11, Tuesday    , Baby Stroller     , 38455,  1594,            209,               32000,         5.23, 2025,    11,  11,           46,          0, 0.04144996879550655 , 0.005434782608695652 , False             , False            , True            ,      7951.0,     40765.0, 24827.285714285714
2025-11-13, Thursday   , Baby Stroller     ,  7788,   426,             68,               32000,         7.22, 2025,    11,  13,           46,          0, 0.054692515085376814, 0.008730260623956862 , False             , False            , True            ,     38455.0,     38187.0, 20484.571428571428
2025-12-08, Monday     , Baby Stroller     , 21097,   646,             96,               32000,         3.97, 2025,    12,   8,           50,          0, 0.030619016020475873, 0.004550194331216229 , False             , False            , True            ,      7788.0,     12267.0, 21746.0
2025-12-09, Tuesday    , Baby Stroller     ,  6944,   542,             39,               32000,         8.93, 2025,    12,   9,           50,          0, 0.07804175665946725 , 0.005615550755939525 , False             , False            , True            ,     21097.0,      8229.0, 21562.428571428572
2025-12-26, Friday     , Baby Stroller     ,  6425,   220,             17,               32000,         3.95, 2025,    12,  26,           52,          0, 0.034235916588857766, 0.0026455026455026454, False             , False            , True            ,      6944.0,     25275.0, 18869.571428571428
2026-01-05, Monday     , Baby Stroller     , 43401,  3256,            500,               32000,         9.81, 2026,     1,   5,            2,          0, 0.07501958435095157 , 0.011520206442099442 , False             , False            , True            ,      6425.0,     43427.0, 18865.85714285714
2026-01-09, Friday     , Baby Stroller     , 42809,  1583,            141,               32000,         4.36, 2026,     1,   9,            2,          0, 0.036977341742583505, 0.0032936229852838124, False             , False            , True            ,     43401.0,      7951.0, 23845.571428571428
2026-01-10, Saturday   , Baby Stroller     , 19029,  1267,            111,               32000,         7.82, 2026,     1,  10,            2,          1, 0.06657908565423017 , 0.005832895428271151 , False             , False            , True            ,     42809.0,     38455.0, 21070.428571428572
2026-01-26, Monday     , Baby Stroller     , 26791,  1819,            265,               32000,         8.77, 2026,     1,  26,            5,          0, 0.06789340101522842 , 0.009891012242460437 , False             , False            , True            ,     19029.0,      7788.0, 23785.14285714286
2026-02-21, Saturday   , Baby Stroller     , 42970,  3230,            640,               32000,        10.5 , 2026,     2,  21,            8,          1, 0.07516697307486445 , 0.014893765562821439 , False             , False            , True            ,     26791.0,     21097.0, 26909.85714285714
2026-02-22, Sunday     , Baby Stroller     , 16899,   561,             61,               32000,         4.04, 2026,     2,  22,            8,          1, 0.03319526627218935 , 0.003609467455621302 , False             , False            , True            ,     42970.0,      6944.0, 28332.0
2026-03-09, Monday     , Baby Stroller     , 23452,  1701,            211,               32000,         9.05, 2026,     3,   9,           11,          0, 0.07252803479299023 , 0.008996716837931181 , False             , False            , True            ,     16899.0,      6425.0, 30764.428571428572
2026-03-10, Tuesday    , Baby Stroller     ,  4396,   331,             44,               32000,         9.53, 2026,     3,  10,           11,          0, 0.07527859904480327 , 0.010006822833750284 , False             , False            , True            ,     23452.0,     43401.0, 25192.285714285714
2026-03-18, Wednesday  , Baby Stroller     , 38766,  1165,            155,               32000,         3.8 , 2026,     3,  18,           12,          0, 0.03005133231872469 , 0.0039982459308174475, False             , False            , True            ,      4396.0,     42809.0, 24614.714285714286
2026-03-20, Friday     , Baby Stroller     , 11882,   939,            135,               32000,        10.18, 2026,     3,  20,           12,          0, 0.07902044938146932 , 0.011360767482958849 , False             , False            , True            ,     38766.0,     19029.0, 23593.714285714286
2026-03-22, Sunday     , Baby Stroller     ,  3007,   106,             17,               32000,         4.66, 2026,     3,  22,           12,          1, 0.03523936170212766 , 0.005651595744680851 , False             , False            , True            ,     11882.0,     26791.0, 20196.0
2025-04-11, Friday     , Baby Towel        ,  3585,   226,             21,                 700,         7.48, 2025,     4,  11,           15,          0, 0.0630228667038483  , 0.005856107083100948 , False             , False            , False           ,         0.0,         0.0,     0.0
2025-04-15, Tuesday    , Baby Towel        , 27851,   898,             88,                 700,         3.86, 2025,     4,  15,           16,          0, 0.032241849777394804, 0.00315955766192733  , False             , False            , False           ,      3585.0,         0.0,     0.0
2025-04-20, Sunday     , Baby Towel        , 14666,   494,             51,                 700,         4.06, 2025,     4,  20,           16,          1, 0.033681052703347654, 0.0034771937001431786, False             , False            , False           ,     27851.0,         0.0,     0.0
2025-05-05, Monday     , Baby Towel        , 23959,  1358,            166,                 700,         7.05, 2025,     5,   5,           19,          0, 0.05667779632721202 , 0.006928213689482471 , False             , False            , False           ,     14666.0,         0.0,     0.0
2025-05-13, Tuesday    , Baby Towel        ,  6931,   235,             24,                 700,         4.08, 2025,     5,  13,           20,          0, 0.03390075014425851 , 0.003462204270051933 , False             , False            , False           ,     23959.0,         0.0,     0.0
2025-05-25, Sunday     , Baby Towel        , 44642,  2959,            546,                 700,         9.07, 2025,     5,  25,           21,          1, 0.06628138789955872 , 0.012230360862845239 , False             , False            , False           ,      6931.0,         0.0,     0.0
2025-07-07, Monday     , Baby Towel        , 31222,  1477,            176,                 700,         5.86, 2025,     7,   7,           28,          0, 0.04730487140889729 , 0.0056368702559010985, False             , False            , False           ,     44642.0,         0.0, 21836.571428571428
2025-07-09, Wednesday  , Baby Towel        ,  4849,   208,             10,                 700,         4.7 , 2025,     7,   9,           28,          0, 0.04288659793814433 , 0.002061855670103093 , False             , False            , False           ,     31222.0,      3585.0, 22017.14285714286
2025-07-10, Thursday   , Baby Towel        , 37257,  2051,            268,                 700,         6.94, 2025,     7,  10,           28,          0, 0.05504858017070159 , 0.007193086048633851 , False             , False            , False           ,      4849.0,     27851.0, 23360.85714285714
2025-07-13, Sunday     , Baby Towel        , 20071,  1281,            174,                 700,         8.12, 2025,     7,  13,           28,          1, 0.06382024711040254 , 0.008668792347548825 , False             , False            , False           ,     37257.0,     14666.0, 24133.0
2025-07-28, Monday     , Baby Towel        , 41954,  2075,            107,                 700,         5.46, 2025,     7,  28,           31,          0, 0.04945775235371231 , 0.0025503515671552856, False             , False            , False           ,     20071.0,     23959.0, 26703.714285714286
2025-07-29, Tuesday    , Baby Towel        , 26466,   914,             89,                 700,         4.13, 2025,     7,  29,           31,          0, 0.03453357010616995 , 0.003362678051913704 , False             , False            , False           ,     41954.0,      6931.0, 29494.428571428572
2025-07-31, Thursday   , Baby Towel        , 39259,  1822,            274,                 700,         6.04, 2025,     7,  31,           31,          0, 0.04640855832908813 , 0.006979113601630158 , False             , False            , False           ,     26466.0,     44642.0, 28725.428571428572
2025-08-14, Thursday   , Baby Towel        , 27470,  1715,            277,                 700,         8.26, 2025,     8,  14,           33,          0, 0.06242947107859197 , 0.010083360634851298 , False             , False            , False           ,     39259.0,     31222.0, 28189.428571428572
2025-09-18, Thursday   , Baby Towel        , 39660,  1481,            279,                 700,         5.14, 2025,     9,  18,           38,          0, 0.0373414689493457  , 0.0070346183908625605, False             , False            , False           ,     27470.0,      4849.0, 33162.42857142857
2025-10-01, Wednesday  , Baby Towel        ,  6432,   282,             48,                 700,         5.88, 2025,    10,   1,           40,          0, 0.043836468210788126, 0.007461526503963936 , False             , False            , False           ,     39660.0,     37257.0, 28758.85714285714
2025-10-07, Tuesday    , Baby Towel        , 41650,  2076,            136,                 700,         5.64, 2025,    10,   7,           41,          0, 0.04984274087056733 , 0.003265227725624835 , False             , False            , False           ,      6432.0,     20071.0, 31841.571428571428
2025-10-18, Saturday   , Baby Towel        , 22119,  1655,            102,                 700,         8.4 , 2025,    10,  18,           42,          1, 0.07481916817359856 , 0.00461121157323689  , False             , False            , False           ,     41650.0,     41954.0, 29008.0
2025-10-19, Sunday     , Baby Towel        ,  6324,   500,             33,                 700,         8.95, 2025,    10,  19,           42,          1, 0.07905138339920949 , 0.0052173913043478265, False             , False            , False           ,     22119.0,     26466.0, 26130.571428571428
2025-10-21, Tuesday    , Baby Towel        ,  2117,    90,              6,                 700,         4.82, 2025,    10,  21,           43,          0, 0.042492917847025496, 0.0028328611898017   , False             , False            , False           ,      6324.0,     39259.0, 20824.571428571428
2025-10-28, Tuesday    , Baby Towel        , 18644,   618,            122,                 700,         4.62, 2025,    10,  28,           44,          0, 0.0331456154465004  , 0.006543309198176455 , False             , False            , False           ,      2117.0,     27470.0, 19563.714285714286
2025-10-29, Wednesday  , Baby Towel        ,  7287,   513,             45,                 700,         8.28, 2025,    10,  29,           44,          0, 0.07038968166849616 , 0.006174533479692645 , False             , False            , False           ,     18644.0,     39660.0, 14939.0
2025-11-01, Saturday   , Baby Towel        , 19988,  1429,            278,                 700,         9.93, 2025,    11,   1,           44,          1, 0.07148931912551904 , 0.013907649207063884 , False             , False            , False           ,      7287.0,      6432.0, 16875.571428571428
2025-11-03, Monday     , Baby Towel        , 10162,   338,             54,                 700,         4.39, 2025,    11,   3,           45,          0, 0.03325789629046541 , 0.0053133917150447706, False             , False            , False           ,     19988.0,     41650.0, 12377.285714285714
2025-11-20, Thursday   , Baby Towel        , 18478,  1107,            149,                 700,         7.6 , 2025,    11,  20,           47,          0, 0.05990583906055522 , 0.008063206883489367 , False             , False            , False           ,     10162.0,     22119.0, 11857.142857142857
2025-11-21, Friday     , Baby Towel        , 36884,  2631,            510,                 700,         9.9 , 2025,    11,  21,           47,          0, 0.07132980886539243 , 0.013826758845058967 , False             , False            , False           ,     18478.0,      6324.0, 16222.857142857143
2025-12-15, Monday     , Baby Towel        , 30865,  1750,            213,                 700,         7.05, 2025,    12,  15,           51,          0, 0.05669668891336746 , 0.006900796993455582 , False             , False            , False           ,     36884.0,      2117.0, 20329.714285714286
2025-12-17, Wednesday  , Baby Towel        , 14342,  1108,            117,                 700,         9.36, 2025,    12,  17,           51,          0, 0.07725022659136861 , 0.008157289270027191 , False             , False            , False           ,     30865.0,     18644.0, 19715.14285714286
2025-12-19, Friday     , Baby Towel        , 42411,  3053,            549,                 700,         9.79, 2025,    12,  19,           51,          0, 0.07198434405356974 , 0.012944449684051684 , False             , False            , False           ,     14342.0,      7287.0, 24732.85714285714
2025-12-23, Tuesday    , Baby Towel        ,  9970,   420,             66,                 700,         5.54, 2025,    12,  23,           52,          0, 0.04212215424731722 , 0.006619195667435563 , False             , False            , False           ,     42411.0,     19988.0, 23301.714285714286
2025-12-28, Sunday     , Baby Towel        , 10705,   808,            116,                 700,         9.72, 2025,    12,  28,           52,          1, 0.07547169811320754 , 0.010835045768727816 , False             , False            , False           ,      9970.0,     10162.0, 23379.285714285714
2025-12-29, Monday     , Baby Towel        , 39609,  2822,            294,                 700,         8.61, 2025,    12,  29,            1,          0, 0.07124463519313305 , 0.0074223680888664476, False             , False            , False           ,     10705.0,     18478.0, 26398.0
2026-01-01, Thursday   , Baby Towel        , 31975,  1141,            153,                 700,         4.53, 2026,     1,   1,            1,          0, 0.035683012259194395, 0.0047848386289717285, False             , False            , False           ,     39609.0,     36884.0, 25696.714285714286
2026-01-27, Tuesday    , Baby Towel        ,  3750,   248,             36,                 700,         8.53, 2026,     1,  27,            5,          0, 0.06611570247933884 , 0.00959744068248467  , False             , False            , False           ,     31975.0,     30865.0, 21823.14285714286
2026-02-06, Friday     , Baby Towel        ,  4983,   259,             28,                 700,         6.32, 2026,     2,   6,            6,          0, 0.05196629213483146 , 0.0056179775280898875, False             , False            , False           ,      3750.0,     14342.0, 20486.14285714286
2026-02-08, Sunday     , Baby Towel        ,  9564,   586,            107,                 700,         8.36, 2026,     2,   8,            6,          1, 0.06126502875065342 , 0.011186617877679038 , False             , False            , False           ,      4983.0,     42411.0, 15793.714285714286
2026-02-26, Thursday   , Baby Towel        , 10245,   803,            146,                 700,        10.69, 2026,     2,  26,            9,          0, 0.07837204762834277 , 0.01424946320515323  , False             , False            , False           ,      9564.0,      9970.0, 15833.0
2026-03-07, Saturday   , Baby Towel        , 23754,  1571,            195,                 700,         8.26, 2026,     3,   7,           10,          1, 0.06613344559040202 , 0.008208798147758366 , False             , False            , False           ,     10245.0,     10705.0, 17697.14285714286
2025-04-06, Sunday     , Feeding Bottle    ,  3267,   194,             11,                 800,         6.61, 2025,     4,   6,           14,          1, 0.05936352509179926 , 0.0033659730722154224, False             , True             , False           ,         0.0,         0.0,     0.0
2025-04-07, Monday     , Feeding Bottle    , 32740,  1719,             89,                 800,         5.79, 2025,     4,   7,           15,          0, 0.05250297791759567 , 0.0027183042668214165, False             , True             , False           ,      3267.0,         0.0,     0.0
2025-04-19, Saturday   , Feeding Bottle    ,  7258,   289,             45,                 800,         5.22, 2025,     4,  19,           16,          1, 0.03981264637002342 , 0.006199200991872158 , False             , True             , False           ,     32740.0,         0.0,     0.0
2025-04-21, Monday     , Feeding Bottle    , 24662,  1788,            209,                 800,         8.94, 2025,     4,  21,           17,          0, 0.07249726310667802 , 0.008474232656205652 , False             , True             , False           ,      7258.0,         0.0,     0.0
2025-05-03, Saturday   , Feeding Bottle    , 23976,  1100,             73,                 800,         5.2 , 2025,     5,   3,           18,          1, 0.045877299078283355, 0.0030445843933769863, False             , True             , False           ,     24662.0,         0.0,     0.0
2025-05-06, Tuesday    , Feeding Bottle    , 34562,  1502,            130,                 800,         5.1 , 2025,     5,   6,           19,          0, 0.04345687584989729 , 0.0037612475768885804, False             , True             , False           ,     23976.0,         0.0,     0.0
2025-05-16, Friday     , Feeding Bottle    , 27184,  1020,            128,                 800,         4.69, 2025,     5,  16,           20,          0, 0.0375206915578444  , 0.004708478940592238 , False             , True             , False           ,     34562.0,         0.0, 21949.85714285714
2025-05-27, Tuesday    , Feeding Bottle    , 44405,  2817,            386,                 800,         8.08, 2025,     5,  27,           22,          0, 0.06343737332792866 , 0.00869251902896005  , False             , True             , False           ,     27184.0,      3267.0, 27826.714285714286
2025-05-28, Wednesday  , Feeding Bottle    ,  4557,   350,             68,                 800,        10.66, 2025,     5,  28,           22,          0, 0.0767880649407635  , 0.01491882404563405  , False             , True             , False           ,     44405.0,     32740.0, 23800.571428571428
2025-06-03, Tuesday    , Feeding Bottle    , 16373,  1292,            158,                 800,         9.82, 2025,     6,   3,           23,          0, 0.07890558202027605 , 0.009649444240869672 , False             , True             , False           ,      4557.0,      7258.0, 25102.714285714286
2025-06-04, Wednesday  , Feeding Bottle    , 21738,  1124,            115,                 800,         6.23, 2025,     6,   4,           23,          0, 0.051704310225861354, 0.005290031740190441 , False             , True             , False           ,     16373.0,     24662.0, 24685.0
2025-06-17, Tuesday    , Feeding Bottle    , 40754,  1744,            247,                 800,         5.49, 2025,     6,  17,           25,          0, 0.042792295423874374, 0.006060606060606061 , False             , True             , False           ,     21738.0,     23976.0, 27081.85714285714
2025-06-22, Sunday     , Feeding Bottle    , 24677,  1469,             80,                 800,         6.6 , 2025,     6,  22,           25,          1, 0.059526703946835235, 0.003241753788799741 , False             , True             , False           ,     40754.0,     34562.0, 25669.714285714286
2025-07-02, Wednesday  , Feeding Bottle    , 47952,  3727,            598,                 800,        10.27, 2025,     7,   2,           27,          0, 0.07772193606239443 , 0.01247054407440619  , False             , True             , False           ,     24677.0,     27184.0, 28636.571428571428
2025-07-16, Wednesday  , Feeding Bottle    , 26107,  1140,             93,                 800,         5.08, 2025,     7,  16,           29,          0, 0.043664777079822276, 0.0035621265512486592, False             , True             , False           ,     47952.0,     44405.0, 26022.571428571428
2025-07-21, Monday     , Feeding Bottle    ,  2412,    77,              8,                 800,         3.86, 2025,     7,  21,           30,          0, 0.031910484873601326, 0.003315375051802735 , False             , True             , False           ,     26107.0,      4557.0, 25716.14285714286
2025-08-06, Wednesday  , Feeding Bottle    , 41081,  2047,            376,                 800,         6.81, 2025,     8,   6,           32,          0, 0.04982717491845577 , 0.009152426853609853 , False             , True             , False           ,      2412.0,     16373.0, 29245.85714285714
2025-08-23, Saturday   , Feeding Bottle    , 23447,  1165,             76,                 800,         5.62, 2025,     8,  23,           34,          1, 0.04968440805185943 , 0.0032412146025247355, False             , True             , False           ,     41081.0,     21738.0, 29490.0
2025-08-28, Thursday   , Feeding Bottle    , 47445,  3676,            583,                 800,        10.21, 2025,     8,  28,           35,          0, 0.07747755342916157 , 0.012287653332209249 , False             , True             , False           ,     23447.0,     40754.0, 30445.85714285714
2025-08-30, Saturday   , Feeding Bottle    , 31548,  1206,            134,                 800,         4.67, 2025,     8,  30,           35,          1, 0.038226251228248125, 0.004247361247583125 , False             , True             , False           ,     47445.0,     24677.0, 31427.428571428572
2025-09-13, Saturday   , Feeding Bottle    , 14173,   924,             75,                 800,         7.58, 2025,     9,  13,           37,          1, 0.06518978411175391 , 0.005291378580499506 , False             , True             , False           ,     31548.0,     47952.0, 26601.85714285714
2025-09-14, Sunday     , Feeding Bottle    , 15051,  1189,            167,                 800,        10.12, 2025,     9,  14,           37,          1, 0.07899282487377093 , 0.011094871113473292 , False             , True             , False           ,     14173.0,     26107.0, 25022.428571428572
2025-10-10, Friday     , Feeding Bottle    ,  5596,   333,             50,                 800,         7.74, 2025,    10,  10,           41,          0, 0.05949615865642308 , 0.008933357155619081 , False             , True             , False           ,     15051.0,      2412.0, 25477.285714285714
2025-10-11, Saturday   , Feeding Bottle    , 18616,  1022,             64,                 800,         6.18, 2025,    10,  11,           41,          1, 0.05489606273835741 , 0.003437718214535102 , False             , True             , False           ,      5596.0,     41081.0, 22268.0
2025-10-22, Wednesday  , Feeding Bottle    ,  2846,   161,             19,                 800,         6.99, 2025,    10,  22,           43,          0, 0.05655075518089217 , 0.0066736916051984545, False             , True             , False           ,     18616.0,     23447.0, 19325.0
2025-10-27, Monday     , Feeding Bottle    , 49362,  1608,            161,                 800,         3.91, 2025,    10,  27,           44,          0, 0.03257500557097421 , 0.003261552174705751 , False             , True             , False           ,      2846.0,     47445.0, 19598.85714285714
2025-10-30, Thursday   , Feeding Bottle    , 45336,  3083,            429,                 800,         8.69, 2025,    10,  30,           44,          0, 0.06800185279131835 , 0.009462469947283676 , False             , True             , False           ,     49362.0,     31548.0, 21568.571428571428
2025-11-09, Sunday     , Feeding Bottle    ,  7984,   537,             67,                 800,         8.4 , 2025,    11,   9,           45,          1, 0.06725109580463369 , 0.00839073262366938  , False             , True             , False           ,     45336.0,     14173.0, 20684.428571428572
2025-11-25, Tuesday    , Feeding Bottle    , 29306,  2245,            302,                 800,         9.72, 2025,    11,  25,           48,          0, 0.07660285938512983 , 0.01030470536049408  , False             , True             , False           ,      7984.0,     15051.0, 22720.85714285714
2025-11-29, Saturday   , Feeding Bottle    , 38185,  2747,            188,                 800,         8.18, 2025,    11,  29,           48,          1, 0.07193735924160687 , 0.004923270308490022 , False             , True             , False           ,     29306.0,      5596.0, 27376.428571428572
2025-12-01, Monday     , Feeding Bottle    ,  4708,   230,             37,                 800,         6.46, 2025,    12,   1,           49,          0, 0.04884264174984073 , 0.007857294542365683 , False             , True             , False           ,     38185.0,     18616.0, 25389.571428571428
2025-12-05, Friday     , Feeding Bottle    , 43914,  2310,            164,                 800,         6.01, 2025,    12,   5,           49,          0, 0.05260161675964932 , 0.003734487077308437 , False             , True             , False           ,      4708.0,      2846.0, 31256.428571428572
2025-12-16, Tuesday    , Feeding Bottle    , 40565,  2769,            181,                 800,         7.72, 2025,    12,  16,           51,          0, 0.06825913326431002 , 0.004461864615688015 , False             , True             , False           ,     43914.0,     49362.0, 29999.714285714286
2025-12-24, Wednesday  , Feeding Bottle    , 20922,  1634,            313,                 800,        10.8 , 2025,    12,  24,           52,          0, 0.07809587535248291 , 0.01495961382210964  , False             , True             , False           ,     40565.0,     45336.0, 26512.0
2026-01-12, Monday     , Feeding Bottle    , 37796,  1857,            237,                 800,         6.17, 2026,     1,  12,            3,          0, 0.049130883403444715, 0.006270338915786967 , False             , True             , False           ,     20922.0,      7984.0, 30770.85714285714
2026-02-03, Tuesday    , Feeding Bottle    , 27510,  1451,            186,                 800,         6.63, 2026,     2,   3,            6,          0, 0.0527425393478972  , 0.006760931990840028 , False             , True             , False           ,     37796.0,     29306.0, 30514.285714285714
2026-02-09, Monday     , Feeding Bottle    , 11323,   471,             25,                 800,         4.6 , 2026,     2,   9,            7,          0, 0.041593076651359945, 0.0022077004592016957, False             , True             , False           ,     27510.0,     38185.0, 26676.85714285714
2026-02-23, Monday     , Feeding Bottle    , 17934,   744,            129,                 800,         5.59, 2026,     2,  23,            9,          0, 0.0414831335377753  , 0.00719264008921104  , False             , True             , False           ,     11323.0,      4708.0, 28566.285714285714
2026-02-24, Tuesday    , Feeding Bottle    , 13593,   439,             47,                 800,         3.92, 2026,     2,  24,            9,          0, 0.032293658967191406, 0.0034574076798587613, False             , True             , False           ,     17934.0,     43914.0, 24234.714285714286
2026-02-27, Friday     , Feeding Bottle    , 20297,  1141,            101,                 800,         6.62, 2026,     2,  27,            9,          0, 0.05621243472263277 , 0.004975859690609912 , False             , True             , False           ,     13593.0,     40565.0, 21339.285714285714
2026-03-13, Friday     , Feeding Bottle    , 33290,  2442,            381,                 800,         9.62, 2026,     3,  13,           11,          0, 0.07335315851130936 , 0.01144453455888979  , False             , True             , False           ,     20297.0,     20922.0, 23106.14285714286
2026-03-21, Saturday   , Feeding Bottle    ,  9009,   555,             72,                 800,         7.76, 2026,     3,  21,           12,          1, 0.061598224195338516, 0.007991120976692564 , False             , True             , False           ,     33290.0,     37796.0, 18993.714285714286
2025-06-09, Monday     , Teether           , 35828,  2737,            312,                 350,         9.38, 2025,     6,   9,           24,          0, 0.07639063328588573 , 0.008708029808255881 , False             , False            , False           ,         0.0,         0.0,     0.0
2025-07-11, Friday     , Teether           ,  6611,   401,             76,                 350,         8.36, 2025,     7,  11,           28,          0, 0.06064730792498488 , 0.011494252873563218 , False             , False            , False           ,     35828.0,         0.0,     0.0
2025-07-19, Saturday   , Teether           , 11817,   555,             49,                 350,         5.53, 2025,     7,  19,           29,          1, 0.046962260957860893, 0.004146217634117448 , False             , False            , False           ,      6611.0,         0.0,     0.0
2025-07-25, Friday     , Teether           , 46811,  2408,            391,                 350,         6.81, 2025,     7,  25,           30,          0, 0.05143980176023242 , 0.00835255917286166  , False             , False            , False           ,     11817.0,         0.0,     0.0
2025-07-30, Wednesday  , Teether           , 34307,  2012,            291,                 350,         7.56, 2025,     7,  30,           31,          0, 0.05864521394426956 , 0.008481986708639384 , False             , False            , False           ,     46811.0,         0.0,     0.0
2025-08-19, Tuesday    , Teether           , 13003,   438,             58,                 350,         4.26, 2025,     8,  19,           34,          0, 0.03368194401722547 , 0.004460166102737619 , False             , False            , False           ,     34307.0,         0.0,     0.0
2025-08-21, Thursday   , Teether           , 44356,  2876,            309,                 350,         7.88, 2025,     8,  21,           34,          0, 0.06483756791487251 , 0.006966206010325315 , False             , False            , False           ,     13003.0,         0.0, 27533.285714285714
2025-10-02, Thursday   , Teether           , 16178,   634,             51,                 350,         4.55, 2025,    10,   2,           40,          0, 0.039186599913468075, 0.003152234377897274 , False             , False            , False           ,     44356.0,     35828.0, 24726.14285714286
2025-11-07, Friday     , Teether           , 18984,  1402,            152,                 350,         8.99, 2025,    11,   7,           45,          0, 0.07384777455886225 , 0.008006320779562813 , False             , False            , False           ,     16178.0,      6611.0, 26493.714285714286
2025-11-08, Saturday   , Teether           , 11510,   756,            139,                 350,         8.98, 2025,    11,   8,           45,          1, 0.0656763096168882  , 0.012075406133263834 , False             , False            , False           ,     18984.0,     11817.0, 26449.85714285714
2025-11-18, Tuesday    , Teether           , 42631,  2349,            307,                 350,         6.95, 2025,    11,  18,           47,          0, 0.055099455807843874, 0.007201163445299306 , False             , False            , False           ,     11510.0,     46811.0, 25852.714285714286
2025-11-30, Sunday     , Teether           , 36622,  1668,            140,                 350,         5.32, 2025,    11,  30,           48,          1, 0.04554514922316577 , 0.00382273434726811  , False             , False            , False           ,     42631.0,     34307.0, 26183.428571428572
2025-12-03, Wednesday  , Teether           , 36393,  2765,            281,                 350,         9.14, 2025,    12,   3,           49,          0, 0.07597406165851514 , 0.007721052920811123 , False             , False            , False           ,     36622.0,     13003.0, 29524.85714285714
2025-12-07, Sunday     , Teether           , 48240,  2321,            318,                 350,         6.13, 2025,    12,   7,           49,          1, 0.04811260131423478 , 0.006591903152919716 , False             , False            , False           ,     36393.0,     44356.0, 30079.714285714286
2025-12-21, Sunday     , Teether           , 10519,   370,             62,                 350,         4.7 , 2025,    12,  21,           51,          1, 0.03517110266159696 , 0.005893536121673004 , False             , False            , False           ,     48240.0,     16178.0, 29271.285714285714
2025-12-25, Thursday   , Teether           , 23389,  1044,            192,                 350,         6.11, 2025,    12,  25,           52,          0, 0.04463445917058572 , 0.00820863616930312  , False             , False            , False           ,     10519.0,     18984.0, 29900.571428571428
2025-12-27, Saturday   , Teether           , 22079,   862,            118,                 350,         4.97, 2025,    12,  27,           52,          1, 0.03903985507246377 , 0.005344202898550724 , False             , False            , False           ,     23389.0,     11510.0, 31410.428571428572
2025-12-30, Tuesday    , Teether           , 16596,   784,            130,                 350,         6.29, 2025,    12,  30,            1,          0, 0.04723745255166596 , 0.007832740856781347 , False             , False            , False           ,     22079.0,     42631.0, 27691.14285714286
2026-01-07, Wednesday  , Teether           , 40243,  2209,            132,                 350,         6.15, 2026,     1,   7,            2,          0, 0.05489016996322433 , 0.003279992048504125 , False             , False            , False           ,     16596.0,     36622.0, 28208.428571428572
2026-01-11, Sunday     , Teether           , 49924,  1935,            362,                 350,         5.33, 2026,     1,  11,            2,          1, 0.038758137205808715, 0.007250876314471707 , False             , False            , False           ,     40243.0,     36393.0, 30141.428571428572
2026-01-19, Monday     , Teether           , 47420,  1789,            256,                 350,         4.85, 2026,     1,  19,            4,          0, 0.037725902026528334, 0.0053984521625440205, False             , False            , False           ,     49924.0,     48240.0, 30024.285714285714
2026-01-21, Wednesday  , Teether           , 36008,  2349,            328,                 350,         8.35, 2026,     1,  21,            4,          0, 0.06523369157710572 , 0.009108833902635453 , False             , False            , False           ,     47420.0,     10519.0, 33665.57142857143
2026-02-05, Thursday   , Teether           , 32907,  1778,            324,                 350,         7.37, 2026,     2,   5,            6,          0, 0.05402941533973502 , 0.009845630241886472 , False             , False            , False           ,     36008.0,     23389.0, 35025.28571428572
2026-02-07, Saturday   , Teether           , 30535,  1739,            293,                 350,         7.61, 2026,     2,   7,            6,          1, 0.05694917474456379 , 0.009595231857479696 , False             , False            , False           ,     32907.0,     22079.0, 36233.28571428572
2026-02-11, Wednesday  , Teether           , 31969,  2460,            417,                 350,        10.3 , 2026,     2,  11,            7,          0, 0.07694713794182045 , 0.013043478260869565 , False             , False            , False           ,     30535.0,     16596.0, 38429.42857142857
2026-02-15, Sunday     , Teether           , 14676,   977,             49,                 350,         7.32, 2026,     2,  15,            7,          1, 0.06656673707160864 , 0.0033385569258022755, False             , False            , False           ,     31969.0,     40243.0, 34777.0
2026-02-16, Monday     , Teether           , 35933,  1611,            286,                 350,         6.08, 2026,     2,  16,            8,          0, 0.044832192352646516, 0.007959036010463627 , False             , False            , False           ,     14676.0,     49924.0, 32778.28571428572
2026-02-18, Wednesday  , Teether           , 26557,   856,             56,                 350,         3.64, 2026,     2,  18,            8,          0, 0.03223134272159048 , 0.0021085925144965737, False             , False            , False           ,     35933.0,     47420.0, 29797.85714285714
2026-02-28, Saturday   , Teether           , 27425,  1777,            129,                 350,         7.42, 2026,     2,  28,            9,          1, 0.0647925326332677  , 0.004703565959308685 , False             , False            , False           ,     26557.0,     36008.0, 28571.714285714286
2026-03-01, Sunday     , Teether           ,  9906,   408,             34,                 350,         4.81, 2026,     3,   1,            9,          1, 0.041183001917835874, 0.0034319168264863227, False             , False            , False           ,     27425.0,     32907.0, 25285.85714285714
2026-03-06, Friday     , Teether           , 17585,   886,             93,                 350,         6.1 , 2026,     3,   6,           10,          0, 0.050380984874331854, 0.005288297509382463 , False             , False            , False           ,      9906.0,     30535.0, 23435.85714285714
2026-03-15, Sunday     , Teether           ,  4469,   176,             32,                 350,         5.37, 2026,     3,  15,           11,          1, 0.039373601789709174, 0.0071588366890380315, False             , False            , False           ,     17585.0,     31969.0, 19507.285714285714
2026-03-27, Friday     , Teether           , 11077,   523,             74,                 350,         6.06, 2026,     3,  27,           13,          0, 0.047210687849792383, 0.00667990612023831  , False             , False            , False           ,      4469.0,     14676.0, 18993.14285714286
2026-03-28, Saturday   , Teether           ,  4353,   346,             52,                 350,        10.34, 2026,     3,  28,           13,          1, 0.07946715663757464 , 0.011943040881947635 , False             , False            , False           ,     11077.0,     35933.0, 14481.714285714286
